,name,hometown,high school,school,name text,hometown text,high school text,school text,sport,college
0,DJ Funderburk,"Cleveland, Ohio / Hargrave Military Academy (Va.)","Cleveland, Ohio / Hargrave Military Academy (Va.)","Cleveland, Ohio / Hargrave Military Academy (Va.)",Full Name,Hometown / High School,Hometown / High School,Hometown / High School,mens basketball,nc_state
1,Sacha Killeya-Jones,"Chapel Hill, N.C. / Virginia Episcopal","Chapel Hill, N.C. / Virginia Episcopal","Chapel Hill, N.C. / Virginia Episcopal",Full Name,Hometown / High School,Hometown / High School,Hometown / High School,mens basketball,nc_state
2,Torin Dorn,"Charlotte, N.C. / Vance","Charlotte, N.C. / Vance","Charlotte, N.C. / Vance",Full Name,Hometown / High School,Hometown / High School,Hometown / High School,mens basketball,nc_state
3,Jericole Hellems,"St. Louis, Mo. / Chaminade","St. Louis, Mo. / Chaminade","St. Louis, Mo. / Chaminade",Full Name,Hometown / High School,Hometown / High School,Hometown / High School,mens basketball,nc_state
4,Eric Lockett,"Warner Robins, Ga. / Whitefield Academy","Warner Robins, Ga. / Whitefield Academy","Warner Robins, Ga. / Whitefield Academy",Full Name,Hometown / High School,Hometown / High School,Hometown / High School,mens basketball,nc_state
5,Braxton Beverly,"Hazard, Ky. / Hargrave Military Academy (Va.)","Hazard, Ky. / Hargrave Military Academy (Va.)","Hazard, Ky. / Hargrave Military Academy (Va.)",Full Name,Hometown / High School,Hometown / High School,Hometown / High School,mens basketball,nc_state
6,Markell Johnson,"Cleveland, Ohio / East Tech","Cleveland, Ohio / East Tech","Cleveland, Ohio / East Tech",Full Name,Hometown / High School,Hometown / High School,Hometown / High School,mens basketball,nc_state
7,Manny Bates,"Fayetteville, N.C. / Northwood Temple Academy","Fayetteville, N.C. / Northwood Temple Academy","Fayetteville, N.C. / Northwood Temple Academy",Full Name,Hometown / High School,Hometown / High School,Hometown / High School,mens basketball,nc_state
8,C.J. Bryce,"Charlotte, N.C. / North Mecklenburg","Charlotte, N.C. / North Mecklenburg","Charlotte, N.C. / North Mecklenburg",Full Name,Hometown / High School,Hometown / High School,Hometown / High School,mens basketball,nc_state
9,Ian Steere,"Sanford, N.C. / Northwood Temple Academy","Sanford, N.C. / Northwood Temple Academy","Sanford, N.C. / Northwood Temple Academy",Full Name,Hometown / High School,Hometown / High School,Hometown / High School,mens basketball,nc_state
10,Devon Daniels,"Battle Creek, Mich. / Justin-Siena (Calif.)","Battle Creek, Mich. / Justin-Siena (Calif.)","Battle Creek, Mich. / Justin-Siena (Calif.)",Full Name,Hometown / High School,Hometown / High School,Hometown / High School,mens basketball,nc_state
11,Wyatt Walker,"Jacksonville, Fla. / Providence School","Jacksonville, Fla. / Providence School","Jacksonville, Fla. / Providence School",Full Name,Hometown / High School,Hometown / High School,Hometown / High School,mens basketball,nc_state
12,Blake Harris,"Chapel Hill, N.C. / Word of God Christian Academy","Chapel Hill, N.C. / Word of God Christian Academy","Chapel Hill, N.C. / Word of God Christian Academy",Full Name,Hometown / High School,Hometown / High School,Hometown / High School,mens basketball,nc_state
0,Aislinn Konig,"Surrey, British Columbia / Brookswood Secondary","Surrey, British Columbia / Brookswood Secondary","Surrey, British Columbia / Brookswood Secondary",Name,Hometown / High School,Hometown / High School,Hometown / High School,womens basketball,nc_state
1,Kaila Ealey,"Raleigh, N.C. / Needham Broughton","Raleigh, N.C. / Needham Broughton","Raleigh, N.C. / Needham Broughton",Name,Hometown / High School,Hometown / High School,Hometown / High School,womens basketball,nc_state
2,Kai Crutchfield,"Raleigh, N.C. / Millbrook","Raleigh, N.C. / Millbrook","Raleigh, N.C. / Millbrook",Name,Hometown / High School,Hometown / High School,Hometown / High School,womens basketball,nc_state
3,Kiara Leslie,"Holly Springs, N.C. / Holly Springs","Holly Springs, N.C. / Holly Springs","Holly Springs, N.C. / Holly Springs",Name,Hometown / High School,Hometown / High School,Hometown / High School,womens basketball,nc_state
4,Esra McGoldrick,"Christchurch, New Zealand / Rangi Ruru Girls' School","Christchurch, New Zealand / Rangi Ruru Girls' School","Christchurch, New Zealand / Rangi Ruru Girls' School",Name,Hometown / High School,Hometown / High School,Hometown / High School,womens basketball,nc_state
5,DD Rogers,"Charlotte, N.C. / Myers Park HS","Charlotte, N.C. / Myers Park HS","Charlotte, N.C. / Myers Park HS",Name,Hometown / High School,Hometown / High School,Hometown / High School,womens basketball,nc_state
6,Grace Hunter,"Raleigh, N.C. / Athens Drive","Raleigh, N.C. / Athens Drive","Raleigh, N.C. / Athens Drive",Name,Hometown / High School,Hometown / High School,Hometown / High School,womens basketball,nc_state
7,Erika Cassell,"Marietta, Ga. / Holy Innocents","Marietta, Ga. / Holy Innocents","Marietta, Ga. / Holy Innocents",Name,Hometown / High School,Hometown / High School,Hometown / High School,womens basketball,nc_state
8,Kayla Jones,"Jamesville, N.C. / Riverside","Jamesville, N.C. / Riverside","Jamesville, N.C. / Riverside",Name,Hometown / High School,Hometown / High School,Hometown / High School,womens basketball,nc_state
9,Jada Rice,"Suwanee, Ga. / Collins Hill","Suwanee, Ga. / Collins Hill","Suwanee, Ga. / Collins Hill",Name,Hometown / High School,Hometown / High School,Hometown / High School,womens basketball,nc_state
10,Elissa Cunane,"Summerfield, N.C. / Northern Guilford","Summerfield, N.C. / Northern Guilford","Summerfield, N.C. / Northern Guilford",Name,Hometown / High School,Hometown / High School,Hometown / High School,womens basketball,nc_state
11,Katie Wadsworth,"Raleigh, N.C. / Needham Broughton","Raleigh, N.C. / Needham Broughton","Raleigh, N.C. / Needham Broughton",Name,Hometown / High School,Hometown / High School,Hometown / High School,womens basketball,nc_state
12,Armani Hawkins,"Mesa, Ariz. / Mountain View","Mesa, Ariz. / Mountain View","Mesa, Ariz. / Mountain View",Name,Hometown / High School,Hometown / High School,Hometown / High School,womens basketball,nc_state
0,Terrell Tatum,"Collierville, Tenn.",Houston,Houston,Name,Hometown,High School (Last School),High School (Last School),baseball,nc_state
1,David Vazquez,"Hialeah, Fla.",Stoneman Douglas,Stoneman Douglas,Name,Hometown,High School (Last School),High School (Last School),baseball,nc_state
2,Devonte Brown,"Newnan, Ga.",East Coweta,East Coweta,Name,Hometown,High School (Last School),High School (Last School),baseball,nc_state
3,Patrick Bailey,"Greensboro, N.C.",Wesleyan Christian Academy,Wesleyan Christian Academy,Name,Hometown,High School (Last School),High School (Last School),baseball,nc_state
4,Brett Kinneman,"York, Pa.",West York Area,West York Area,Name,Hometown,High School (Last School),High School (Last School),baseball,nc_state
5,Stephen Pitarra,"Cary, N.C.",Green Hope,Green Hope,Name,Hometown,High School (Last School),High School (Last School),baseball,nc_state
6,Will Wilson,"Kings Mountain, N.C.",Kings Mountain,Kings Mountain,Name,Hometown,High School (Last School),High School (Last School),baseball,nc_state
7,David Harrison,"Rocky Mount, N.C.",Rocky Mount,Rocky Mount,Name,Hometown,High School (Last School),High School (Last School),baseball,nc_state
8,Lawson McArthur,"Charlotte, N.C.",South Mecklenburg,South Mecklenburg,Name,Hometown,High School (Last School),High School (Last School),baseball,nc_state
9,Brad Debo,"Durham, N.C.",Orange,Orange,Name,Hometown,High School (Last School),High School (Last School),baseball,nc_state
10,Brock Deatherage,"Burlington, N.C.",Western Alamance,Western Alamance,Name,Hometown,High School (Last School),High School (Last School),baseball,nc_state
11,Josh McLain,"Hiddenite, N.C.",Alexander Central,Alexander Central,Name,Hometown,High School (Last School),High School (Last School),baseball,nc_state
12,Shane Shepard,"Wilmington, N.C.",Eugene Ashley,Eugene Ashley,Name,Hometown,High School (Last School),High School (Last School),baseball,nc_state
13,Dillon Cooper,"Raleigh, N.C.",Leesville Road,Leesville Road,Name,Hometown,High School (Last School),High School (Last School),baseball,nc_state
14,Evan Edwards,"Greensboro, N.C.",Southern Guilford (USC Lancaster),Southern Guilford (USC Lancaster),Name,Hometown,High School (Last School),High School (Last School),baseball,nc_state
15,Dalton Feeney,"Bismarck, N.D.",Century,Century,Name,Hometown,High School (Last School),High School (Last School),baseball,nc_state
16,Austin Staley,"North Wilkesboro, N.C.",Wilkes Central,Wilkes Central,Name,Hometown,High School (Last School),High School (Last School),baseball,nc_state
17,Jack Conley,"Raleigh, N.C.",Leesville Road,Leesville Road,Name,Hometown,High School (Last School),High School (Last School),baseball,nc_state
18,Brady Gulakowski,"Pittsburgh, Pa.",Chartiers Valley,Chartiers Valley,Name,Hometown,High School (Last School),High School (Last School),baseball,nc_state
19,Michael Bienlien,"Chesapeake, Va.",Great Bridge,Great Bridge,Name,Hometown,High School (Last School),High School (Last School),baseball,nc_state
20,James Vaughan,"West Palm Beach, Fla.",The King's Academy,The King's Academy,Name,Hometown,High School (Last School),High School (Last School),baseball,nc_state
21,Reid Johnston,"Enfield, N.C.",Rocky Mount Academy,Rocky Mount Academy,Name,Hometown,High School (Last School),High School (Last School),baseball,nc_state
22,Mathieu Gauthier,"Candiac, Quebec",Lower Canada College,Lower Canada College,Name,Hometown,High School (Last School),High School (Last School),baseball,nc_state
23,Hunter Baker,"Huntersville, N.C.",William A. Hough,William A. Hough,Name,Hometown,High School (Last School),High School (Last School),baseball,nc_state
24,Steven Oakley,"Durham, N.C.",C.E. Jordan,C.E. Jordan,Name,Hometown,High School (Last School),High School (Last School),baseball,nc_state
25,Johnny Piedmonte,"Davidson, N.C.",William A. Hough,William A. Hough,Name,Hometown,High School (Last School),High School (Last School),baseball,nc_state
26,Evan Justice,"Richmond, Va.",Collegiate,Collegiate,Name,Hometown,High School (Last School),High School (Last School),baseball,nc_state
27,Cameron Cotter,"Summerfield, N.C.",Northern Guilford,Northern Guilford,Name,Hometown,High School (Last School),High School (Last School),baseball,nc_state
28,Brian Brown,"Glenmoore, Pa.",Coatesville Area,Coatesville Area,Name,Hometown,High School (Last School),High School (Last School),baseball,nc_state
29,Nolan Clenney,"Novi, Mich.",Catholic Central (Brunswick CC),Catholic Central (Brunswick CC),Name,Hometown,High School (Last School),High School (Last School),baseball,nc_state
30,Joe O'Donnell,"Wilmington, N.C.",Hoggard,Hoggard,Name,Hometown,High School (Last School),High School (Last School),baseball,nc_state
31,J.T. Jarrett,"Greensboro, N.C.",Northern Guilford,Northern Guilford,Name,Hometown,High School (Last School),High School (Last School),baseball,nc_state
32,Connor Centala,"Tampa, Fla.",Sickles,Sickles,Name,Hometown,High School (Last School),High School (Last School),baseball,nc_state
33,Kent Klyman,"Williamsburg, Va.",Jamestown,Jamestown,Name,Hometown,High School (Last School),High School (Last School),baseball,nc_state
34,Josh Pike,"Summerfield, N.C.",Northern Guilford,Northern Guilford,Name,Hometown,High School (Last School),High School (Last School),baseball,nc_state
35,Nick Swiney,"Huntersville, N.C.",William A. Hough,William A. Hough,Name,Hometown,High School (Last School),High School (Last School),baseball,nc_state
36,Cole Hooper,"Sylva, N.C.",Smoky Mountain,Smoky Mountain,Name,Hometown,High School (Last School),High School (Last School),baseball,nc_state
0,"Louis, Stephen","West Palm Beach, Fla.",N/A,Palm Beach Lakes,Full Name,Hometown,N/A,Last School,football,nc_state
1,"Acceus, Louis","Spring Valley, N.Y.",N/A,St. Joseph,Full Name,Hometown,N/A,Last School,football,nc_state
2,"Harmon, Kelvin","Palmyra, N.J.",N/A,Palmyra,Full Name,Hometown,N/A,Last School,football,nc_state
3,"Pratt, Germaine","High Point, N.C.",N/A,Central,Full Name,Hometown,N/A,Last School,football,nc_state
4,"McCloud, Nick","Rock Hill, S.C.",N/A,South Pointe,Full Name,Hometown,N/A,Last School,football,nc_state
5,"Rhem, Damontay","Wendell, N.C.",N/A,East Wake/UNCP,Full Name,Hometown,N/A,Last School,football,nc_state
6,"Angeline, Cary","Chester Springs, Pa.",N/A,Downington East/USC,Full Name,Hometown,N/A,Last School,football,nc_state
7,"Graves, De'Von","Appomattox, Va.",N/A,Appomattox County,Full Name,Hometown,N/A,Last School,football,nc_state
8,"McKay, Matthew","Raleigh, N.C.",N/A,Wakefield,Full Name,Hometown,N/A,Last School,football,nc_state
9,"Phillips, Jr., Freddie","Pelion, S.C.",N/A,Pelion,Full Name,Hometown,N/A,Last School,football,nc_state
10,"Trowell, Maurice","Durham, N.C.",N/A,Southern Durham,Full Name,Hometown,N/A,Last School,football,nc_state
11,"Ingle, Tanner","Orlando, Fla.",N/A,Dr. Phillips,Full Name,Hometown,N/A,Last School,football,nc_state
12,"Leon, Micah","Boynton Beach, Fla.",N/A,Boca Raton,Full Name,Hometown,N/A,Last School,football,nc_state
13,"Meyers, Jakobi","Lithonia, Ga.",N/A,Arabia Mountain,Full Name,Hometown,N/A,Last School,football,nc_state
14,"Wilson, Payton","Hillsborough, N.C.",N/A,Orange,Full Name,Hometown,N/A,Last School,football,nc_state
15,"Miller, Brock","Port St. Lucie, Fla.",N/A,Carroll Catholic,Full Name,Hometown,N/A,Last School,football,nc_state
16,"Perkins, Jory","Sanford, N.C.",N/A,Lee County,Full Name,Hometown,N/A,Last School,football,nc_state
17,"Leary, Devin","Sicklerville, N.J.",N/A,Timber Creek,Full Name,Hometown,N/A,Last School,football,nc_state
18,"Morrison, Stephen","Weddington, N.C.",N/A,Weddington,Full Name,Hometown,N/A,Last School,football,nc_state
19,"Cornwell, Woody","Lake Junaluska, N.C.",N/A,Tuscola,Full Name,Hometown,N/A,Last School,football,nc_state
20,"Wright, Dexter","Wilson, N.C.",N/A,Hunt,Full Name,Hometown,N/A,Last School,football,nc_state
21,"Finley, Ryan","Phoenix, Ariz.",N/A,Paradise Valley/Boise State,Full Name,Hometown,N/A,Last School,football,nc_state
22,"Ingram, Chris","Mooresville, N.C.",N/A,Mooresville,Full Name,Hometown,N/A,Last School,football,nc_state
23,"Dunlap, Malik","Charlotte, N.C.",N/A,Harding University,Full Name,Hometown,N/A,Last School,football,nc_state
24,"Riley, C.J.","Coconut Creek, Fla.",N/A,North Broward Prep,Full Name,Hometown,N/A,Last School,football,nc_state
25,"Person, Jr., Ricky","Wake Forest, N.C.",N/A,Heritage,Full Name,Hometown,N/A,Last School,football,nc_state
26,"Smith, Teshaun","Fort Lauderdale, Fla.",N/A,Western,Full Name,Hometown,N/A,Last School,football,nc_state
27,"Griffin, Stephen","Charlotte, N.C.",N/A,South Mecklenburg,Full Name,Hometown,N/A,Last School,football,nc_state
28,"Stallings, Isaiah","Fayetteville, N.C.",N/A,Terry Sanford,Full Name,Hometown,N/A,Last School,football,nc_state
29,"Gallaspy, Jr., Reggie","High Point, N.C.",N/A,Southern Guilford,Full Name,Hometown,N/A,Last School,football,nc_state
30,"Palmer, Taiyon","Lawrenceville, Ga.",N/A,Archer,Full Name,Hometown,N/A,Last School,football,nc_state
31,"Duffy, Isaac","Binghamton, N.Y.",N/A,Clayton,Full Name,Hometown,N/A,Last School,football,nc_state
32,"Pennix, Trent","Raleigh, N.C.",N/A,Sanderson,Full Name,Hometown,N/A,Last School,football,nc_state
33,"Grier, Vernon","Charlotte, N.C.",N/A,Mallard Creek,Full Name,Hometown,N/A,Last School,football,nc_state
34,"Miller, Kishawn","Buffalo, N.Y.",N/A,Mill Creek (Ga.)/Georgia Military,Full Name,Hometown,N/A,Last School,football,nc_state
35,"Parham, Dylan","Raleigh, N.C.",N/A,Southeast,Full Name,Hometown,N/A,Last School,football,nc_state
36,"Braxton, Marquise","Greenville, N.C.",N/A,Rose,Full Name,Hometown,N/A,Last School,football,nc_state
37,"McNeill, Alim","Raleigh, N.C.",N/A,Sanderson,Full Name,Hometown,N/A,Last School,football,nc_state
38,"Hart, Jr., Calvin ""C.J.""","Fort Lauderdale, Fla.",N/A,American Heritage,Full Name,Hometown,N/A,Last School,football,nc_state
39,"Dabbs, Tyler","Eden, N.C.",N/A,Morehead,Full Name,Hometown,N/A,Last School,football,nc_state
40,"Morehead, Jarius","Whitsett, N.C.",N/A,East Guilford,Full Name,Hometown,N/A,Last School,football,nc_state
41,"Baker-Williams, Tyler","Raleigh, N.C.",N/A,Southeast,Full Name,Hometown,N/A,Last School,football,nc_state
42,"Dunn, Christopher","Lexington, N.C.",N/A,North Davidson,Full Name,Hometown,N/A,Last School,football,nc_state
43,"Bodine, Brady","Camp Lejeune, N.C.",N/A,Camp Lejeune,Full Name,Hometown,N/A,Last School,football,nc_state
44,"Counts, Dalton","Raleigh, N.C.",N/A,Garner,Full Name,Hometown,N/A,Last School,football,nc_state
45,"Kidd-Glass, Tim","Danville, Va.",N/A,George Washington,Full Name,Hometown,N/A,Last School,football,nc_state
46,"Alderfer, Matthew","Charlotte, N.C.",N/A,Cox Mill,Full Name,Hometown,N/A,Last School,football,nc_state
47,"Brown, III, William","Raleigh, NC",N/A,Cardinal Gibbons,Full Name,Hometown,N/A,Last School,football,nc_state
48,"Malit, Jessie","Concord, N.C.",N/A,Cox Mill,Full Name,Hometown,N/A,Last School,football,nc_state
49,"Dabbs, Will","Eden, N.C.",N/A,Morehead,Full Name,Hometown,N/A,Last School,football,nc_state
50,"Smith-Williams, James","Raleigh, N.C.",N/A,Millbrook,Full Name,Hometown,N/A,Last School,football,nc_state
51,"Walton, Darius","Elizabeth City, N.C.",N/A,Northeastern,Full Name,Hometown,N/A,Last School,football,nc_state
52,"Moore, Isaiah","Chester, Va.",N/A,Bird,Full Name,Hometown,N/A,Last School,football,nc_state
53,"Autenrieth, Dylan","Dallas, Ga.",N/A,North Paulding,Full Name,Hometown,N/A,Last School,football,nc_state
54,"Blakeman, Danny","Raleigh, N.C.",N/A,Leesville Road,Full Name,Hometown,N/A,Last School,football,nc_state
55,"Pierson, David","Wendell, N.C.",N/A,Jireh Prep,Full Name,Hometown,N/A,Last School,football,nc_state
56,"Babros, Joe","Mission Viejo, Calif.",N/A,Mission Viejo/Saddleback,Full Name,Hometown,N/A,Last School,football,nc_state
57,"Roseboro, Darian","Lincolnton, N.C.",N/A,Lincolnton,Full Name,Hometown,N/A,Last School,football,nc_state
58,"Spell, Marcellus","Durham, N.C.",N/A,Wakefield,Full Name,Hometown,N/A,Last School,football,nc_state
59,"Gray, Alex","Greensboro, N.C.",N/A,Page,Full Name,Hometown,N/A,Last School,football,nc_state
60,"Swackhammer, Bryce","Clayton, N.C.",N/A,Clayton,Full Name,Hometown,N/A,Last School,football,nc_state
61,"Williams, Seth","Wake Forest, N.C.",N/A,Wake Forest,Full Name,Hometown,N/A,Last School,football,nc_state
62,"Quiggle, Jackson","Sanford, N.C.",N/A,Southern Lee,Full Name,Hometown,N/A,Last School,football,nc_state
63,"Brown, Kendall","Jacksonville, Fla.",N/A,Trinity Christian,Full Name,Hometown,N/A,Last School,football,nc_state
64,"Kante, Ibrahim","New York, N.Y.",N/A,Trinity Pawling,Full Name,Hometown,N/A,Last School,football,nc_state
65,"Jones, Tyler","Stone Mountain, Ga.",N/A,Stephenson,Full Name,Hometown,N/A,Last School,football,nc_state
66,"Bellamy, Evin","Leland, N.C.",N/A,North Brunswick,Full Name,Hometown,N/A,Last School,football,nc_state
67,"Holden, Deonte","Landover, Md.",N/A,Dematha Catholic,Full Name,Hometown,N/A,Last School,football,nc_state
68,"Riley, Tyrone","Savannah, Ga.",N/A,Calvary Day School,Full Name,Hometown,N/A,Last School,football,nc_state
69,"Byers, Kollin","Shelby, N.C.",N/A,Crest,Full Name,Hometown,N/A,Last School,football,nc_state
70,"Martin, Val","Marietta, Ga.",N/A,Marietta/Iowa Western CC,Full Name,Hometown,N/A,Last School,football,nc_state
71,"Griffiths, Tyler","Indian Trail, N.C.",N/A,Sun Valley,Full Name,Hometown,N/A,Last School,football,nc_state
72,"McCrae, Davontae","Miami, Fla.",N/A,Northwestern,Full Name,Hometown,N/A,Last School,football,nc_state
73,"Ryan, Liam","Cary, N.C.",N/A,Cary,Full Name,Hometown,N/A,Last School,football,nc_state
74,"Hicks, Griffin","Charlotte, N.C.",N/A,Charlotte Christian,Full Name,Hometown,N/A,Last School,football,nc_state
75,"Ressler, Bo","New York, N.Y.",N/A,Green Hope,Full Name,Hometown,N/A,Last School,football,nc_state
76,"Speas, Bryson","Greensboro, N.C.",N/A,Dudley,Full Name,Hometown,N/A,Last School,football,nc_state
77,"Belle, Kahric","North Miami Beach, Fla.",N/A,North Miami Beach,Full Name,Hometown,N/A,Last School,football,nc_state
78,"Bradbury, Garrett","Charlotte, N.C.",N/A,Charlotte Christian,Full Name,Hometown,N/A,Last School,football,nc_state
79,"Fedd-Jackson, Joshua","Montvale, N.J.",N/A,St. Joseph,Full Name,Hometown,N/A,Last School,football,nc_state
80,"Witt, Justin","Chicago, Ill.",N/A,Lincoln-Way West,Full Name,Hometown,N/A,Last School,football,nc_state
81,"Fletcher, Charles","Greenville, N.C.",N/A,Rose,Full Name,Hometown,N/A,Last School,football,nc_state
82,"Barber, Aemon","Southern Pines, N.C.",N/A,Pinecrest,Full Name,Hometown,N/A,Last School,football,nc_state
83,"Prescod, Terronne","Decatur, Ga.",N/A,Columbia,Full Name,Hometown,N/A,Last School,football,nc_state
84,"Sculthorpe, Joe","Hampstead, N.C.",N/A,Topsail,Full Name,Hometown,N/A,Last School,football,nc_state
85,"Walton, Jr., Philip","Charlotte, N.C.",N/A,Charlotte Christian,Full Name,Hometown,N/A,Last School,football,nc_state
86,"Chase, Justin","Chesapeake, Va.",N/A,Great Bridge,Full Name,Hometown,N/A,Last School,football,nc_state
87,"Gibson, Grant","Charlotte, N.C.",N/A,Mallard Creek,Full Name,Hometown,N/A,Last School,football,nc_state
88,"McGirt, Jr., Emanuel","Durham, N.C.",N/A,Hillside,Full Name,Hometown,N/A,Last School,football,nc_state
89,"Strickland, Jalynn","Waycross, Ga.",N/A,Ware County,Full Name,Hometown,N/A,Last School,football,nc_state
90,"Gonzalez, Gabriel","Mebane, N.C.",N/A,Eastern Alamance,Full Name,Hometown,N/A,Last School,football,nc_state
91,"Kaiser, Ben","Pasadena, Calif.",N/A,S. Pasadena/Pasadena City College,Full Name,Hometown,N/A,Last School,football,nc_state
92,"Dunn, Justin","Raleigh, N.C.",N/A,Sanderson,Full Name,Hometown,N/A,Last School,football,nc_state
93,"Fisher, Max","Upper Marlboro, Md.",N/A,Gonzaga College HS,Full Name,Hometown,N/A,Last School,football,nc_state
94,"Collins, Eric","Tampa, Fla.",N/A,Armwood,Full Name,Hometown,N/A,Last School,football,nc_state
95,"Provillon, Jasiah","Irvington, N.J.",N/A,Irvington,Full Name,Hometown,N/A,Last School,football,nc_state
96,"Carter, Devin","Clayton, N.C.",N/A,Clayton,Full Name,Hometown,N/A,Last School,football,nc_state
97,"Emezie, Emeka","Waxhaw, N.C.",N/A,Marvin Ridge,Full Name,Hometown,N/A,Last School,football,nc_state
98,"Thomas, Thayer","Wake Forest, N.C.",N/A,Heritage,Full Name,Hometown,N/A,Last School,football,nc_state
99,"Boselli, Adam","Ponte Vedra, Fla.",N/A,Episcopal,Full Name,Hometown,N/A,Last School,football,nc_state
100,"Ruocchio, Thomas","Raleigh, N.C.",N/A,Cardinal Gibbons,Full Name,Hometown,N/A,Last School,football,nc_state
101,"Cole III, A.J.","College Park, Ga.",N/A,Woodward Academy,Full Name,Hometown,N/A,Last School,football,nc_state
102,"Frazier, Shug","Buford, Ga.",N/A,Buford,Full Name,Hometown,N/A,Last School,football,nc_state
103,"Bryant, Eurndraus","North Charleston, S.C.",N/A,Ft. Dorchester,Full Name,Hometown,N/A,Last School,football,nc_state
104,"Bambard, Kyle","Wixom, Mich.",N/A,Walled Lake,Full Name,Hometown,N/A,Last School,football,nc_state
105,"Murchison, Larrell","Elizabethtown, N.C.",N/A,E. Bladen,Full Name,Hometown,N/A,Last School,football,nc_state
106,"Woods, Camden","Raleigh, N.C.",N/A,Wake Christian Academy,Full Name,Hometown,N/A,Last School,football,nc_state
107,"Solomon, Kennan","Roxboro, N.C.",N/A,Person/Piedmont CC,Full Name,Hometown,N/A,Last School,football,nc_state
108,"Eason, Derrick","Norfolk, Va.",N/A,Norview,Full Name,Hometown,N/A,Last School,football,nc_state
109,"Johnson, Dante","Apopka, Fla.",N/A,Wekiva,Full Name,Hometown,N/A,Last School,football,nc_state
110,"Lyas, Xavier","Plant City, Fla.",N/A,Durant,Full Name,Hometown,N/A,Last School,football,nc_state
111,"Morgan, Mackenzie","Perth, Australia",N/A,Sacred Heart College HS,Full Name,Hometown,N/A,Last School,football,nc_state
112,"Boletepeli, Joseph","Raleigh, N.C.",N/A,Heritage,Full Name,Hometown,N/A,Last School,football,nc_state
113,"Gill, Trenton","Hillsborough, N.C.",N/A,Cedar Ridge,Full Name,Hometown,N/A,Last School,football,nc_state
0,Nick Cournoyer,"Charlotte, N.C.",N/A,N/A,Name,Hometown,N/A,N/A,mens soccer,nc_state
1,Leon Krapf,"Gochsheim, Germany",N/A,N/A,Name,Hometown,N/A,N/A,mens soccer,nc_state
2,Manny Perez,"Garner, N.C.",N/A,N/A,Name,Hometown,N/A,N/A,mens soccer,nc_state
3,Pepe Garcia,"Valencia, Spain",N/A,N/A,Name,Hometown,N/A,N/A,mens soccer,nc_state
4,David Norris,"Winter Park, Fla.",N/A,N/A,Name,Hometown,N/A,N/A,mens soccer,nc_state
5,Stephen Elias,"Rye, N.Y.",N/A,N/A,Name,Hometown,N/A,N/A,mens soccer,nc_state
6,Christoph Schneuwly,"Schmitten, Switzerland",N/A,N/A,Name,Hometown,N/A,N/A,mens soccer,nc_state
7,Tanner Roberts,"Huntersville, N.C.",N/A,N/A,Name,Hometown,N/A,N/A,mens soccer,nc_state
8,Brad Sweeney,"Birmingham, England",N/A,N/A,Name,Hometown,N/A,N/A,mens soccer,nc_state
9,Ade Taiwo,"Raleigh, N.C.",N/A,N/A,Name,Hometown,N/A,N/A,mens soccer,nc_state
10,David Loera,"Orlando, Fla.",N/A,N/A,Name,Hometown,N/A,N/A,mens soccer,nc_state
11,Tyler Gabarra,"Arnold, Md.",N/A,N/A,Name,Hometown,N/A,N/A,mens soccer,nc_state
12,Vincent Durand,"Cary, N.C.",N/A,N/A,Name,Hometown,N/A,N/A,mens soccer,nc_state
13,Simon Blotko,"Dusseldorf, Germany",N/A,N/A,Name,Hometown,N/A,N/A,mens soccer,nc_state
14,Cjay Sparks,"Jacksonville, N.C.",N/A,N/A,Name,Hometown,N/A,N/A,mens soccer,nc_state
15,Gabriel Machado,"Sao Paulo, Brazil",N/A,N/A,Name,Hometown,N/A,N/A,mens soccer,nc_state
16,AJ Seals,"Orlando, Fla.",N/A,N/A,Name,Hometown,N/A,N/A,mens soccer,nc_state
17,Nick Retzlaff,"Wake Forest, N.C.",N/A,N/A,Name,Hometown,N/A,N/A,mens soccer,nc_state
18,Ivy Brisma,"East Windsor, N.J.",N/A,N/A,Name,Hometown,N/A,N/A,mens soccer,nc_state
19,Alex Bautista,"Nashville, Tenn.",N/A,N/A,Name,Hometown,N/A,N/A,mens soccer,nc_state
20,Kuda Muskwe,"Leicester, England",N/A,N/A,Name,Hometown,N/A,N/A,mens soccer,nc_state
21,Orlin Roque,"Durham, N.C.",N/A,N/A,Name,Hometown,N/A,N/A,mens soccer,nc_state
22,Aidan Foster,"Cary, N.C.",N/A,N/A,Name,Hometown,N/A,N/A,mens soccer,nc_state
23,James Orozco,"Durham, N.C.",N/A,N/A,Name,Hometown,N/A,N/A,mens soccer,nc_state
24,Cyrus Rad,"Durham, N.C.",N/A,N/A,Name,Hometown,N/A,N/A,mens soccer,nc_state
25,Jose Morales Jr.,"Sanford, N.C.",N/A,N/A,Name,Hometown,N/A,N/A,mens soccer,nc_state
26,Caleb Martinez,"Wesley Chapel, Fla.",N/A,N/A,Name,Hometown,N/A,N/A,mens soccer,nc_state
27,Bailey O'Connor,"Cary, N.C.",N/A,N/A,Name,Hometown,N/A,N/A,mens soccer,nc_state
28,Harry Adanuty,"Cary, N.C.",N/A,N/A,Name,Hometown,N/A,N/A,mens soccer,nc_state
0,Melissa Hoffheins,"McLean, Va.",N/A,N/A,Full Name,Hometown,N/A,N/A,womens soccer,nc_state
1,Tziarra King,"Sicklerville, N.J.",N/A,N/A,Full Name,Hometown,N/A,N/A,womens soccer,nc_state
2,Krissi Schuster,"Polling, Germany",N/A,N/A,Full Name,Hometown,N/A,N/A,womens soccer,nc_state
3,Hannah Keogh,"San Diego, Calif.",N/A,N/A,Full Name,Hometown,N/A,N/A,womens soccer,nc_state
4,Jenna Butler,"Gainesville, Va.",N/A,N/A,Full Name,Hometown,N/A,N/A,womens soccer,nc_state
5,Lulu Guttenberger,"Velburg, Germany",N/A,N/A,Full Name,Hometown,N/A,N/A,womens soccer,nc_state
6,Ricci Walkling,"Obergriesbach, Germany",N/A,N/A,Full Name,Hometown,N/A,N/A,womens soccer,nc_state
7,Kia Rankin,"Bowie, Md.",N/A,N/A,Full Name,Hometown,N/A,N/A,womens soccer,nc_state
8,Maxine Blackwood,"Somerville, N.J.",N/A,N/A,Full Name,Hometown,N/A,N/A,womens soccer,nc_state
9,Courtney Walker,"Waxhaw, N.C.",N/A,N/A,Full Name,Hometown,N/A,N/A,womens soccer,nc_state
10,Michaella van Maanen,"Woodbridge, Va.",N/A,N/A,Full Name,Hometown,N/A,N/A,womens soccer,nc_state
11,Sydney Wootten,"San Diego, Calif.",N/A,N/A,Full Name,Hometown,N/A,N/A,womens soccer,nc_state
12,Ella Bonner,"Chesapeake, Va.",N/A,N/A,Full Name,Hometown,N/A,N/A,womens soccer,nc_state
13,Taylor Porter,"San Diego, Calif.",N/A,N/A,Full Name,Hometown,N/A,N/A,womens soccer,nc_state
14,Mikhail Johnson,"Williamsburg, Va.",N/A,N/A,Full Name,Hometown,N/A,N/A,womens soccer,nc_state
15,Frances Henshall,"Greensboro, N.C.",N/A,N/A,Full Name,Hometown,N/A,N/A,womens soccer,nc_state
16,Madison Kline,"Yorba Linda, Calif.",N/A,N/A,Full Name,Hometown,N/A,N/A,womens soccer,nc_state
17,Mia Thillet,"Charlotte, N.C.",N/A,N/A,Full Name,Hometown,N/A,N/A,womens soccer,nc_state
18,Paige Griffiths,"Raleigh, N.C.",N/A,N/A,Full Name,Hometown,N/A,N/A,womens soccer,nc_state
19,Abby Kassal,"Parker, Colo.",N/A,N/A,Full Name,Hometown,N/A,N/A,womens soccer,nc_state
20,Anna Toohey,"Winston-Salem, N.C.",N/A,N/A,Full Name,Hometown,N/A,N/A,womens soccer,nc_state
21,Kursten von Klahr,"Kannapolis, N.C.",N/A,N/A,Full Name,Hometown,N/A,N/A,womens soccer,nc_state
22,Tea Smith,"Longmont, Colo.",N/A,N/A,Full Name,Hometown,N/A,N/A,womens soccer,nc_state
23,Naomi Powell,"Charlotte, N.C.",N/A,N/A,Full Name,Hometown,N/A,N/A,womens soccer,nc_state
24,Hope McQueen,"San Diego, Calif.",N/A,N/A,Full Name,Hometown,N/A,N/A,womens soccer,nc_state
25,Jessica Berlin,"Burke, Va.",N/A,N/A,Full Name,Hometown,N/A,N/A,womens soccer,nc_state
0,Tanis Baldwin,"Hendersonville, N.C.",N/A,East Henderson,Full Name,Hometown,N/A,Previous School,mens cross country,nc_state
1,Peyton Barish,"Cary, N.C.",N/A,Green Hope,Full Name,Hometown,N/A,Previous School,mens cross country,nc_state
2,Ben Barrett,"Norman, Okla.",N/A,Norman North,Full Name,Hometown,N/A,Previous School,mens cross country,nc_state
3,Tim Bason,"West Windsor, N.J.",N/A,Plainsboro South,Full Name,Hometown,N/A,Previous School,mens cross country,nc_state
4,Joe Bistritz,"Chagrin Falls, Ohio",N/A,Chagrin Falls,Full Name,Hometown,N/A,Previous School,mens cross country,nc_state
5,Kyle Christ,"Raleigh, N.C.",N/A,West Johnson,Full Name,Hometown,N/A,Previous School,mens cross country,nc_state
6,Ares Epps,"Cary, N.C.",N/A,Green Hope,Full Name,Hometown,N/A,Previous School,mens cross country,nc_state
7,Gavin Gaynor,"Hudson, Ohio",N/A,Hudson,Full Name,Hometown,N/A,Previous School,mens cross country,nc_state
8,Noah Graham,"Brevard, N.C.",N/A,Brevard,Full Name,Hometown,N/A,Previous School,mens cross country,nc_state
9,Jack Hagood,"Wilmington, Del.",N/A,Tatnall,Full Name,Hometown,N/A,Previous School,mens cross country,nc_state
10,Philip Hall,"Fayetteville, N.C.",N/A,South View,Full Name,Hometown,N/A,Previous School,mens cross country,nc_state
11,Nate Kawalec,"Chardon, Ohio",N/A,Chardon,Full Name,Hometown,N/A,Previous School,mens cross country,nc_state
12,Laderique McNeill,"Bunnlevel, N.C.",N/A,Harnett Central,Full Name,Hometown,N/A,Previous School,mens cross country,nc_state
13,Yared Mekonnen,"Alexandria, Va.",N/A,Thomas Edison,Full Name,Hometown,N/A,Previous School,mens cross country,nc_state
14,Elijah Moskowitz,"Amherst, N.H.",N/A,Souhegan,Full Name,Hometown,N/A,Previous School,mens cross country,nc_state
15,Grant Northcutt,"Moseley, Va.",N/A,Cosby,Full Name,Hometown,N/A,Previous School,mens cross country,nc_state
16,Edwin Rutto,"Newark, N.J.",N/A,St. Benedict's,Full Name,Hometown,N/A,Previous School,mens cross country,nc_state
17,Ian Shanklin,"Greensboro, N.C.",N/A,Page,Full Name,Hometown,N/A,Previous School,mens cross country,nc_state
18,Patrick Sheehan,"Mooresville, N.C.",N/A,Lake Norman,Full Name,Hometown,N/A,Previous School,mens cross country,nc_state
19,Aaron Thomas,"Brentwood, Tenn.",N/A,Brentwood,Full Name,Hometown,N/A,Previous School,mens cross country,nc_state
20,Alec Thomas,"Brentwood, Tenn.",N/A,Brentwood,Full Name,Hometown,N/A,Previous School,mens cross country,nc_state
0,Marissa Bishop,"Cary, N.C.",N/A,Cardinal Gibbons,Full Name,Hometown,N/A,Previous School,womens cross country,nc_state
1,Izzy Carron,"Skerries, Dublin, Ireland",N/A,Skerries Community College,Full Name,Hometown,N/A,Previous School,womens cross country,nc_state
2,Dominique Clairmonte,"Lexington, Ohio",N/A,Lexington,Full Name,Hometown,N/A,Previous School,womens cross country,nc_state
3,Nell Crosby,"Colorado Springs, Colo.",N/A,Cheyenne Mountain,Full Name,Hometown,N/A,Previous School,womens cross country,nc_state
4,Emma Ferguson,"Perth, Western Australia",N/A,Methodist Ladies' College,Full Name,Hometown,N/A,Previous School,womens cross country,nc_state
5,Ryen Frazier,"Raleigh, N.C.",N/A,Ravenscroft,Full Name,Hometown,N/A,Previous School,womens cross country,nc_state
6,Rafaella Gibbons,"Orlando, Fla.",N/A,Winter Park,Full Name,Hometown,N/A,Previous School,womens cross country,nc_state
7,Rebekah Greengrass,"Cary, N.C.",N/A,Panther Creek,Full Name,Hometown,N/A,Previous School,womens cross country,nc_state
8,Janay Hall,"Fayetteville, N.C.",N/A,South View,Full Name,Hometown,N/A,Previous School,womens cross country,nc_state
9,Elly Henes,"Cary, N.C.",N/A,Green Hope,Full Name,Hometown,N/A,Previous School,womens cross country,nc_state
10,Ashley Holt,"Fairfax, Va.",N/A,George C. Marshall,Full Name,Hometown,N/A,Previous School,womens cross country,nc_state
11,Heather Holt,"Fairfax, Va.",N/A,George C. Marshall,Full Name,Hometown,N/A,Previous School,womens cross country,nc_state
12,Mariah Howlett,"Charlotte, N.C.",N/A,Lake Norman Charter,Full Name,Hometown,N/A,Previous School,womens cross country,nc_state
13,Casey Kendall,"Herndon, Va.",N/A,Oakton,Full Name,Hometown,N/A,Previous School,womens cross country,nc_state
14,Sarah LaTour,"Waxhaw, N.C.",N/A,Cuthbertson,Full Name,Hometown,N/A,Previous School,womens cross country,nc_state
15,Nevada Mareno,"Raleigh, N.C.",N/A,Leesville Road,Full Name,Hometown,N/A,Previous School,womens cross country,nc_state
16,Annie Pierce,"Cary, N.C.",N/A,Cardinal Gibbons,Full Name,Hometown,N/A,Previous School,womens cross country,nc_state
17,Megan Rempel,"Ontario, Canada",N/A,E.L. Crossley Secondary School,Full Name,Hometown,N/A,Previous School,womens cross country,nc_state
18,Sophia Rigg,"Zionsville, Ind.",N/A,Zionsville Community,Full Name,Hometown,N/A,Previous School,womens cross country,nc_state
19,Savannah Shaw,United States of America,N/A,Upper St. Clair,Full Name,Hometown,N/A,Previous School,womens cross country,nc_state
20,Beth Taye,"Silver Springs, Md.",N/A,Paint Branch,Full Name,Hometown,N/A,Previous School,womens cross country,nc_state
21,Anna Vess,"Fairview, N.C.",N/A,AC Reynolds,Full Name,Hometown,N/A,Previous School,womens cross country,nc_state
22,Julia Zachgo,"Clifton Park, N.Y.",N/A,Shenendehowa,Full Name,Hometown,N/A,Previous School,womens cross country,nc_state
23,Isabel Zimmermann,"Clemmons, N.C.",N/A,Ronald Wilson Reagan,Full Name,Hometown,N/A,Previous School,womens cross country,nc_state
0,Dwight Cauthen,"Columbia, S.C.",Home Schooled,Home Schooled,Full Name,Hometown,High School,High School,mens golf,nc_state
1,Thomas Deal,"Cornelius, N.C.",William Amos Hough,William Amos Hough,Full Name,Hometown,High School,High School,mens golf,nc_state
2,Stephen Franken,"Raleigh, N.C.",Millbrook,Millbrook,Full Name,Hometown,High School,High School,mens golf,nc_state
3,Justin Hood,"St. Matthews, S.C.",Calhoun Academy,Calhoun Academy,Full Name,Hometown,High School,High School,mens golf,nc_state
4,Nolan Mills Jr.,"Charlotte, N.C.",Myers Park,Myers Park,Full Name,Hometown,High School,High School,mens golf,nc_state
5,Easton Paxton,"Riverton, Wyo.",Riverton,Riverton,Full Name,Hometown,High School,High School,mens golf,nc_state
6,Harrison Rhoades,"Raleigh, N.C.",Broughton,Broughton,Full Name,Hometown,High School,High School,mens golf,nc_state
7,Davis Richards,"China Grove, N.C.",South Rowan,South Rowan,Full Name,Hometown,High School,High School,mens golf,nc_state
8,Christian Salzer,"Sumter, S.C.",Wilson Hall,Wilson Hall,Full Name,Hometown,High School,High School,mens golf,nc_state
9,Benjamin Shipp,"Duluth, Ga.",Great Atlanta Christian,Great Atlanta Christian,Full Name,Hometown,High School,High School,mens golf,nc_state
10,Andrew Wilmoth,"Raleigh, N.C.",St. David's School,St. David's School,Full Name,Hometown,High School,High School,mens golf,nc_state
0,India Clyburn,"Cleethorpes, England",Tollbar Business and Enterprise College,Tollbar Business and Enterprise College,Full Name,Hometown,High School/Previous School,High School/Previous School,womens golf,nc_state
1,Monika Hartl,"Bamberg, Germany",Clavius-Gymnasium,Clavius-Gymnasium,Full Name,Hometown,High School/Previous School,High School/Previous School,womens golf,nc_state
2,Lea Klimentova,"Bratislava, Slovakia",Súkromné Slovanské Gymnázium,Súkromné Slovanské Gymnázium,Full Name,Hometown,High School/Previous School,High School/Previous School,womens golf,nc_state
3,Naomi Ko,"Victoria, B.C., Canada",Claremont Secondary School,Claremont Secondary School,Full Name,Hometown,High School/Previous School,High School/Previous School,womens golf,nc_state
4,Laura Kowohl,"Kronau, Germany",Privatgymnasium St.Leon-Rot,Privatgymnasium St.Leon-Rot,Full Name,Hometown,High School/Previous School,High School/Previous School,womens golf,nc_state
5,Nicole Kramer,"Charlotte, N.C.",Ardrey Kell,Ardrey Kell,Full Name,Hometown,High School/Previous School,High School/Previous School,womens golf,nc_state
6,Christina Lu,"Yunnan, China",Lake Mary Preparatory School,Lake Mary Preparatory School,Full Name,Hometown,High School/Previous School,High School/Previous School,womens golf,nc_state
7,Mim Sangkapong,"Nonthaburi, Thailand",Gardner-Webb,Gardner-Webb,Full Name,Hometown,High School/Previous School,High School/Previous School,womens golf,nc_state
0,James Brady,"Chapel Hill, N.C.",East Chapel Hill,East Chapel Hill,Name,Hometown,High School/Last School,High School/Last School,mens swimming,nc_state
1,James Bretscher,"Knoxville, Tenn.",L&N STEM Academy,L&N STEM Academy,Name,Hometown,High School/Last School,High School/Last School,mens swimming,nc_state
2,Zach Brown,"Cary, N.C.",Athens Drive,Athens Drive,Name,Hometown,High School/Last School,High School/Last School,mens swimming,nc_state
3,Parker Campbell,"Shelby, N.C.",Shelby,Shelby,Name,Hometown,High School/Last School,High School/Last School,mens swimming,nc_state
4,Danny Erlenmeyer,"Bradenton, Fla.",Lakewood Ranch,Lakewood Ranch,Name,Hometown,High School/Last School,High School/Last School,mens swimming,nc_state
5,Daniel Forndal,"Forserum, Sweden",Sandagymnasiet,Sandagymnasiet,Name,Hometown,High School/Last School,High School/Last School,mens swimming,nc_state
6,Cobe Garcia,"Burlington, Kan.",Burlington,Burlington,Name,Hometown,High School/Last School,High School/Last School,mens swimming,nc_state
7,Daniel Graber,"Morrison, Colo.",D'Evelyn,D'Evelyn,Name,Hometown,High School/Last School,High School/Last School,mens swimming,nc_state
8,Holt Gray,"Raleigh, N.C.",Broughton,Broughton,Name,Hometown,High School/Last School,High School/Last School,mens swimming,nc_state
9,John Healy,"Cary, N.C.",Green Hope,Green Hope,Name,Hometown,High School/Last School,High School/Last School,mens swimming,nc_state
10,Noah Hensley,"Winter Springs, Fla.",Florida State,Florida State,Name,Hometown,High School/Last School,High School/Last School,mens swimming,nc_state
11,Giovanni Izzo,"Bologna, Italy",ITI Aldini Valeriani,ITI Aldini Valeriani,Name,Hometown,High School/Last School,High School/Last School,mens swimming,nc_state
12,Jacob Johnson,"Chester, Va.",Trinity Episcopal School,Trinity Episcopal School,Name,Hometown,High School/Last School,High School/Last School,mens swimming,nc_state
13,Gil Kiesler,"Haifa, Israel",Hof Hasharon,Hof Hasharon,Name,Hometown,High School/Last School,High School/Last School,mens swimming,nc_state
14,Eric Knowles,"Dayton, Ohio",Legacy Christian Academy,Legacy Christian Academy,Name,Hometown,High School/Last School,High School/Last School,mens swimming,nc_state
15,Nyls Korstanje,"Nijmegen, Netherlands",Sint Joris College Eindhoven,Sint Joris College Eindhoven,Name,Hometown,High School/Last School,High School/Last School,mens swimming,nc_state
16,Mark McGlaughlin,"Iowa City, Iowa",Iowa City West,Iowa City West,Name,Hometown,High School/Last School,High School/Last School,mens swimming,nc_state
17,Jack McIntyre,"West Windsor, N.J.",Fusion Academy,Fusion Academy,Name,Hometown,High School/Last School,High School/Last School,mens swimming,nc_state
18,Jacob Molacek,"Omaha, Neb.",Creighton Prep,Creighton Prep,Name,Hometown,High School/Last School,High School/Last School,mens swimming,nc_state
19,Jack Moranetz,"Lakewood, Colo.",D'Evelyn,D'Evelyn,Name,Hometown,High School/Last School,High School/Last School,mens swimming,nc_state
20,Nate Mullens,"North Canton, Ohio",Hoover,Hoover,Name,Hometown,High School/Last School,High School/Last School,mens swimming,nc_state
21,Justin Ress,"Cary, N.C.",Cary,Cary,Name,Hometown,High School/Last School,High School/Last School,mens swimming,nc_state
22,Mason Revis,"Higganum, Conn.",Haddam Killingworth,Haddam Killingworth,Name,Hometown,High School/Last School,High School/Last School,mens swimming,nc_state
23,Tyler Rice,"Jacksonville, Fla.",Bolles,Bolles,Name,Hometown,High School/Last School,High School/Last School,mens swimming,nc_state
24,Patrik Schwarzenbach,"Salenstein, TG, Switzerland",Pädagogische Maturitätsschule Thurgau Kreuzlingen,Pädagogische Maturitätsschule Thurgau Kreuzlingen,Name,Hometown,High School/Last School,High School/Last School,mens swimming,nc_state
25,Luke Sobolewski,"Cincinnati, Ohio",St. Xavier,St. Xavier,Name,Hometown,High School/Last School,High School/Last School,mens swimming,nc_state
26,Stewart Spanbauer,"Cincinnati, Ohio",Summit Country Day,Summit Country Day,Name,Hometown,High School/Last School,High School/Last School,mens swimming,nc_state
27,Coleman Stewart,"York, Pa.",York Suburban,York Suburban,Name,Hometown,High School/Last School,High School/Last School,mens swimming,nc_state
28,Quinlan Stuart,"Denver, Colo.",Regis Jesuit,Regis Jesuit,Name,Hometown,High School/Last School,High School/Last School,mens swimming,nc_state
29,Andreas Vazaios,"Athens, Greece",,,Name,Hometown,High School/Last School,High School/Last School,mens swimming,nc_state
30,Curtis Wiltsey,"Waxhaw, N.C.",Weddington,Weddington,Name,Hometown,High School/Last School,High School/Last School,mens swimming,nc_state
0,Kylee Alons,"Fort Collins, Colo.",,,Name,Hometown,High School/Last School,High School/Last School,womens swimming,nc_state
1,Vasiliki Baka,"Kalamata, Greece",1st High School of Kalamata,1st High School of Kalamata,Name,Hometown,High School/Last School,High School/Last School,womens swimming,nc_state
2,Emmie Barnhill,"Greenville, N.C.",J.H. Rose,J.H. Rose,Name,Hometown,High School/Last School,High School/Last School,womens swimming,nc_state
3,Taylor Bennett,"Southern Pines, N.C.",Quakertown/Pinecrest,Quakertown/Pinecrest,Name,Hometown,High School/Last School,High School/Last School,womens swimming,nc_state
4,Felicity Buchmaier,"Grand Rapids, Mich.",Forest Hills Central,Forest Hills Central,Name,Hometown,High School/Last School,High School/Last School,womens swimming,nc_state
5,Rachel Burston,"Stamford, Conn.",Westhill,Westhill,Name,Hometown,High School/Last School,High School/Last School,womens swimming,nc_state
6,Olivia Calegan,"Lincoln, Neb.",Lincoln Southwest,Lincoln Southwest,Name,Hometown,High School/Last School,High School/Last School,womens swimming,nc_state
7,Jacqueline Clabeaux,"Fairfax, Va.",Chantilly,Chantilly,Name,Hometown,High School/Last School,High School/Last School,womens swimming,nc_state
8,Summer Finke,"Clearwater, Fla.",Countryside,Countryside,Name,Hometown,High School/Last School,High School/Last School,womens swimming,nc_state
9,Hailey Fisher,"Alexandria, Va.",Mount Vernon,Mount Vernon,Name,Hometown,High School/Last School,High School/Last School,womens swimming,nc_state
10,Olivia Fisher,"Mechanicsville, Va.",Atlee,Atlee,Name,Hometown,High School/Last School,High School/Last School,womens swimming,nc_state
11,Mackenzie Glover,"Winnipeg, Canada",Vincent Massey Collegiate,Vincent Massey Collegiate,Name,Hometown,High School/Last School,High School/Last School,womens swimming,nc_state
12,Elise Haan,"Naples, Fla.",Florida Gulf Coast,Florida Gulf Coast,Name,Hometown,High School/Last School,High School/Last School,womens swimming,nc_state
13,Sophie Hansson,"Helsingborg, Sweden",Filbornaskolan,Filbornaskolan,Name,Hometown,High School/Last School,High School/Last School,womens swimming,nc_state
14,Tamila Holub,"Cherkasy, Ukraine",Externato Carvalho Araujo,Externato Carvalho Araujo,Name,Hometown,High School/Last School,High School/Last School,womens swimming,nc_state
15,Jessica Horomanski,"Greer, S.C.",Riverside,Riverside,Name,Hometown,High School/Last School,High School/Last School,womens swimming,nc_state
16,Danika Huizinga,"Toronto, Canada",Ajax,Ajax,Name,Hometown,High School/Last School,High School/Last School,womens swimming,nc_state
17,Anna Jahns,"Lilburn, Ga.",Brookwood,Brookwood,Name,Hometown,High School/Last School,High School/Last School,womens swimming,nc_state
18,Shannon Kearney,"Chicago, Ill.",Loyola Academy,Loyola Academy,Name,Hometown,High School/Last School,High School/Last School,womens swimming,nc_state
19,Madeline Kline,"Damascus, Md.",Damascus,Damascus,Name,Hometown,High School/Last School,High School/Last School,womens swimming,nc_state
20,Olga Lapteva,"Vladivostok, Russia",Bolles,Bolles,Name,Hometown,High School/Last School,High School/Last School,womens swimming,nc_state
21,Lexie Lupton,"Kingwood, Texas",Kingwood,Kingwood,Name,Hometown,High School/Last School,High School/Last School,womens swimming,nc_state
22,Rozhina McClanahan,"Charlotte, N.C.",Charlotte Latin,Charlotte Latin,Name,Hometown,High School/Last School,High School/Last School,womens swimming,nc_state
23,Kate Moore,"Cary, N.C.",Green Hope,Green Hope,Name,Hometown,High School/Last School,High School/Last School,womens swimming,nc_state
24,Maddie Morello,"Newport News, Va.",Menchville,Menchville,Name,Hometown,High School/Last School,High School/Last School,womens swimming,nc_state
25,Lindsay Morrow,Evergreen. Colo.,Evergreen,Evergreen,Name,Hometown,High School/Last School,High School/Last School,womens swimming,nc_state
26,Emma Muzzy,"Roanoke, Va.",Cave Spring,Cave Spring,Name,Hometown,High School/Last School,High School/Last School,womens swimming,nc_state
27,Ky-lee Perry,"Norwalk, Conn.",Brien McMahon,Brien McMahon,Name,Hometown,High School/Last School,High School/Last School,womens swimming,nc_state
28,Julia Poole,"Cary, N.C.",Middle Creek,Middle Creek,Name,Hometown,High School/Last School,High School/Last School,womens swimming,nc_state
29,Bailey Revels,"Chapel Hill, N.C.",Northwood,Northwood,Name,Hometown,High School/Last School,High School/Last School,womens swimming,nc_state
30,Sirena Rowe,"Charlotte, N.C.",East Mecklenburg,East Mecklenburg,Name,Hometown,High School/Last School,High School/Last School,womens swimming,nc_state
31,Brooke Rubendall,"Cary, N.C.",Green Hope,Green Hope,Name,Hometown,High School/Last School,High School/Last School,womens swimming,nc_state
32,Makayla Sargent,"Bellport, N.Y.",Victor,Victor,Name,Hometown,High School/Last School,High School/Last School,womens swimming,nc_state
33,Michelle Schlossmacher Smith,"Roseville, Minn.",Roseville Area,Roseville Area,Name,Hometown,High School/Last School,High School/Last School,womens swimming,nc_state
34,Anna Shumate,"Alexandria, Va.",Bishop Ireton,Bishop Ireton,Name,Hometown,High School/Last School,High School/Last School,womens swimming,nc_state
35,Maddie Smith,"Greensboro, N.C.",Caldwell Academy,Caldwell Academy,Name,Hometown,High School/Last School,High School/Last School,womens swimming,nc_state
0,Tadas Babelis,"Vilnius, Lithuania / Vilnius Ozo Gimnazija",N/A,"Vilnius, Lithuania / Vilnius Ozo Gimnazija",Name,Hometown/Previous School,N/A,Hometown/Previous School,mens tennis,nc_state
1,Alexis Galarneau,"Laval, Canada / Academie les Estacades",N/A,"Laval, Canada / Academie les Estacades",Name,Hometown/Previous School,N/A,Hometown/Previous School,mens tennis,nc_state
2,Georgiy Malyshev,"Kirov, Russia / Rg Maroltingergasse 69-71",N/A,"Kirov, Russia / Rg Maroltingergasse 69-71",Name,Hometown/Previous School,N/A,Hometown/Previous School,mens tennis,nc_state
3,Michael Ogden,"Salisbury, N.C. / Salisbury HS",N/A,"Salisbury, N.C. / Salisbury HS",Name,Hometown/Previous School,N/A,Hometown/Previous School,mens tennis,nc_state
4,Igor Saveljic,"Podgorica, Montenegro / Gimnazija Crnjanski",N/A,"Podgorica, Montenegro / Gimnazija Crnjanski",Name,Hometown/Previous School,N/A,Hometown/Previous School,mens tennis,nc_state
5,Ivan Saveljic,"Podgorica, Montenegro / Gimnazija Crnjanski",N/A,"Podgorica, Montenegro / Gimnazija Crnjanski",Name,Hometown/Previous School,N/A,Hometown/Previous School,mens tennis,nc_state
6,Joseph Schrader,"Brevard, N.C. / Brevard HS",N/A,"Brevard, N.C. / Brevard HS",Name,Hometown/Previous School,N/A,Hometown/Previous School,mens tennis,nc_state
7,Collin Shick,"Greensboro, N.C. / Laurel Springs",N/A,"Greensboro, N.C. / Laurel Springs",Name,Hometown/Previous School,N/A,Hometown/Previous School,mens tennis,nc_state
8,Tristan Smith,"Wilmington, N.C. / Laurel Springs",N/A,"Wilmington, N.C. / Laurel Springs",Name,Hometown/Previous School,N/A,Hometown/Previous School,mens tennis,nc_state
9,Robert Turzak,"Košice, Slovakia / Gymnazium Trebisouska",N/A,"Košice, Slovakia / Gymnazium Trebisouska",Name,Hometown/Previous School,N/A,Hometown/Previous School,mens tennis,nc_state
0,Dylan Cannon,"Raleigh, N.C.",Sanderson,Sanderson,Name,Hometown,High School/Previous School,High School/Previous School,womens tennis,nc_state
1,Bianca Moldovan,"Livonia, Mich.",Adlai E. Stevenson,Adlai E. Stevenson,Name,Hometown,High School/Previous School,High School/Previous School,womens tennis,nc_state
2,Natalia Nikolopoulou,"Athens, Greece",Vouliagmeni Lyceum,Vouliagmeni Lyceum,Name,Hometown,High School/Previous School,High School/Previous School,womens tennis,nc_state
3,Liz Norman,"Terre Haute, Ind.",Walton,Walton,Name,Hometown,High School/Previous School,High School/Previous School,womens tennis,nc_state
4,Adriana Reami,"Miami, Fla.",Florida Virtual,Florida Virtual,Name,Hometown,High School/Previous School,High School/Previous School,womens tennis,nc_state
5,Amanda Rebol,"Cumming, Ga.",National,National,Name,Hometown,High School/Previous School,High School/Previous School,womens tennis,nc_state
6,Anna Rogers,"Stamford, Conn.",Westhill,Westhill,Name,Hometown,High School/Previous School,High School/Previous School,womens tennis,nc_state
7,Alana Smith,"Fort Washington, Md.",Abeka Academy,Abeka Academy,Name,Hometown,High School/Previous School,High School/Previous School,womens tennis,nc_state
8,Claudia Wiktorin,"Davidson, N.C.",K12 International Academy,K12 International Academy,Name,Hometown,High School/Previous School,High School/Previous School,womens tennis,nc_state
0,Alan Alvarez,"Lexington, SC / White Knoll","Lexington, SC / White Knoll","Lexington, SC / White Knoll",Name,Hometown / High School,Hometown / High School,Hometown / High School,mens track,nc_state
1,Tanis Baldwin,"Hendersonville, N.C. / East Henderson","Hendersonville, N.C. / East Henderson","Hendersonville, N.C. / East Henderson",Name,Hometown / High School,Hometown / High School,Hometown / High School,mens track,nc_state
2,Peyton Barish,"Cary, N.C. / Green Hope","Cary, N.C. / Green Hope","Cary, N.C. / Green Hope",Name,Hometown / High School,Hometown / High School,Hometown / High School,mens track,nc_state
3,Ben Barrett,"Norman, Okla. / Norman North","Norman, Okla. / Norman North","Norman, Okla. / Norman North",Name,Hometown / High School,Hometown / High School,Hometown / High School,mens track,nc_state
4,Tim Bason,"West Windsor, N.J. / Plainsboro South","West Windsor, N.J. / Plainsboro South","West Windsor, N.J. / Plainsboro South",Name,Hometown / High School,Hometown / High School,Hometown / High School,mens track,nc_state
5,Joe Bistritz,"Chagrin Falls, Ohio / Chagrin Falls","Chagrin Falls, Ohio / Chagrin Falls","Chagrin Falls, Ohio / Chagrin Falls",Name,Hometown / High School,Hometown / High School,Hometown / High School,mens track,nc_state
6,Cravont Charleston,"Charlotte, N.C. / Mallard Creek","Charlotte, N.C. / Mallard Creek","Charlotte, N.C. / Mallard Creek",Name,Hometown / High School,Hometown / High School,Hometown / High School,mens track,nc_state
7,Kyle Christ,"Raleigh, N.C. / West Johnson","Raleigh, N.C. / West Johnson","Raleigh, N.C. / West Johnson",Name,Hometown / High School,Hometown / High School,Hometown / High School,mens track,nc_state
8,Quashawn Cunningham,"Charlotte, N.C. / Mallard Creek HS","Charlotte, N.C. / Mallard Creek HS","Charlotte, N.C. / Mallard Creek HS",Name,Hometown / High School,Hometown / High School,Hometown / High School,mens track,nc_state
9,Jamar Davis,"Mebane, N.C. / Orange High School","Mebane, N.C. / Orange High School","Mebane, N.C. / Orange High School",Name,Hometown / High School,Hometown / High School,Hometown / High School,mens track,nc_state
10,Von Douglas,"Atlanta, Ga. / Chattahoochee","Atlanta, Ga. / Chattahoochee","Atlanta, Ga. / Chattahoochee",Name,Hometown / High School,Hometown / High School,Hometown / High School,mens track,nc_state
11,Junpai Dowdy,"Mint Hill, N.C. / South Mecklenburg","Mint Hill, N.C. / South Mecklenburg","Mint Hill, N.C. / South Mecklenburg",Name,Hometown / High School,Hometown / High School,Hometown / High School,mens track,nc_state
12,Ares Epps,"Cary, N.C. / Green Hope","Cary, N.C. / Green Hope","Cary, N.C. / Green Hope",Name,Hometown / High School,Hometown / High School,Hometown / High School,mens track,nc_state
13,Tyson Fortenberry,"Gastonia, N.C. / Ashbrook","Gastonia, N.C. / Ashbrook","Gastonia, N.C. / Ashbrook",Name,Hometown / High School,Hometown / High School,Hometown / High School,mens track,nc_state
14,Christopher Garrick,"Waxhaw, N.C. / Marvin Ridge","Waxhaw, N.C. / Marvin Ridge","Waxhaw, N.C. / Marvin Ridge",Name,Hometown / High School,Hometown / High School,Hometown / High School,mens track,nc_state
15,Gavin Gaynor,"Hudson, Ohio / Hudson","Hudson, Ohio / Hudson","Hudson, Ohio / Hudson",Name,Hometown / High School,Hometown / High School,Hometown / High School,mens track,nc_state
16,Noah Graham,"Brevard, N.C. / Brevard","Brevard, N.C. / Brevard","Brevard, N.C. / Brevard",Name,Hometown / High School,Hometown / High School,Hometown / High School,mens track,nc_state
17,Jack Hagood,"Wilmington, Del. / Tatnall","Wilmington, Del. / Tatnall","Wilmington, Del. / Tatnall",Name,Hometown / High School,Hometown / High School,Hometown / High School,mens track,nc_state
18,Philip Hall,"Fayetteville, N.C. / South View","Fayetteville, N.C. / South View","Fayetteville, N.C. / South View",Name,Hometown / High School,Hometown / High School,Hometown / High School,mens track,nc_state
19,Will Hoffmann,"Cary, N.C. / Green Hope","Cary, N.C. / Green Hope","Cary, N.C. / Green Hope",Name,Hometown / High School,Hometown / High School,Hometown / High School,mens track,nc_state
20,J Johnson Jr.,"Morrisville, N.C. / Panther Creek","Morrisville, N.C. / Panther Creek","Morrisville, N.C. / Panther Creek",Name,Hometown / High School,Hometown / High School,Hometown / High School,mens track,nc_state
21,Nate Kawalec,"Chardon, Ohio / Chardon","Chardon, Ohio / Chardon","Chardon, Ohio / Chardon",Name,Hometown / High School,Hometown / High School,Hometown / High School,mens track,nc_state
22,Abdur Rahmaan Kelly,"Washington, DC / T. Roosevelt Senior HS","Washington, DC / T. Roosevelt Senior HS","Washington, DC / T. Roosevelt Senior HS",Name,Hometown / High School,Hometown / High School,Hometown / High School,mens track,nc_state
23,Gabriel King,"Mount Airy, N.C. / Mount Airy","Mount Airy, N.C. / Mount Airy","Mount Airy, N.C. / Mount Airy",Name,Hometown / High School,Hometown / High School,Hometown / High School,mens track,nc_state
24,Alexander Lang,"Raleigh, N.C. / North Raleigh Christian Academy","Raleigh, N.C. / North Raleigh Christian Academy","Raleigh, N.C. / North Raleigh Christian Academy",Name,Hometown / High School,Hometown / High School,Hometown / High School,mens track,nc_state
25,Laderique McNeill,"Bunnlevel, N.C. / Harnett Central","Bunnlevel, N.C. / Harnett Central","Bunnlevel, N.C. / Harnett Central",Name,Hometown / High School,Hometown / High School,Hometown / High School,mens track,nc_state
26,Yared Mekonnen,"Alexandria, Va. / Thomas Edison","Alexandria, Va. / Thomas Edison","Alexandria, Va. / Thomas Edison",Name,Hometown / High School,Hometown / High School,Hometown / High School,mens track,nc_state
27,Elijah Moskowitz,"Amherst, N.H. / Souhegan","Amherst, N.H. / Souhegan","Amherst, N.H. / Souhegan",Name,Hometown / High School,Hometown / High School,Hometown / High School,mens track,nc_state
28,Grant Northcutt,"Moseley, Va. / Cosby","Moseley, Va. / Cosby","Moseley, Va. / Cosby",Name,Hometown / High School,Hometown / High School,Hometown / High School,mens track,nc_state
29,Shannon Patterson,"Winston Salem, N.C. / Mt. Tabor HS","Winston Salem, N.C. / Mt. Tabor HS","Winston Salem, N.C. / Mt. Tabor HS",Name,Hometown / High School,Hometown / High School,Hometown / High School,mens track,nc_state
30,Dylan Peebles,"Raleigh, N.C. / Wakefield","Raleigh, N.C. / Wakefield","Raleigh, N.C. / Wakefield",Name,Hometown / High School,Hometown / High School,Hometown / High School,mens track,nc_state
31,William Pruden,,,,Name,Hometown / High School,Hometown / High School,Hometown / High School,mens track,nc_state
32,"JaTory ""JT"" Reid","Monroe, N.C. / Piedmont","Monroe, N.C. / Piedmont","Monroe, N.C. / Piedmont",Name,Hometown / High School,Hometown / High School,Hometown / High School,mens track,nc_state
33,Grant Rivers,"Hendersonville, N.C. / Hendersonville HS","Hendersonville, N.C. / Hendersonville HS","Hendersonville, N.C. / Hendersonville HS",Name,Hometown / High School,Hometown / High School,Hometown / High School,mens track,nc_state
34,Edwin Rutto,"Newark, N.J. / St. Benedict's","Newark, N.J. / St. Benedict's","Newark, N.J. / St. Benedict's",Name,Hometown / High School,Hometown / High School,Hometown / High School,mens track,nc_state
35,Ian Shanklin,"Greensboro, N.C. / Page","Greensboro, N.C. / Page","Greensboro, N.C. / Page",Name,Hometown / High School,Hometown / High School,Hometown / High School,mens track,nc_state
36,Patrick Sheehan,"Mooresville, N.C. / Lake Norman","Mooresville, N.C. / Lake Norman","Mooresville, N.C. / Lake Norman",Name,Hometown / High School,Hometown / High School,Hometown / High School,mens track,nc_state
37,Aaron Thomas,"Brentwood, Tenn. / Brentwood","Brentwood, Tenn. / Brentwood","Brentwood, Tenn. / Brentwood",Name,Hometown / High School,Hometown / High School,Hometown / High School,mens track,nc_state
38,Alec Thomas,"Brentwood, Tenn. / Brentwood","Brentwood, Tenn. / Brentwood","Brentwood, Tenn. / Brentwood",Name,Hometown / High School,Hometown / High School,Hometown / High School,mens track,nc_state
0,Javonne Antoine,"Beltsville, Md. / Elizabeth Seton HS","Beltsville, Md. / Elizabeth Seton HS","Beltsville, Md. / Elizabeth Seton HS",Name,Hometown / High School,Hometown / High School,Hometown / High School,womens track,nc_state
1,Kayla Beasley,"Durham, N.C. / Hillside HS","Durham, N.C. / Hillside HS","Durham, N.C. / Hillside HS",Name,Hometown / High School,Hometown / High School,Hometown / High School,womens track,nc_state
2,Bianca Bishop,"Charlotte, N.C. / Providence HS","Charlotte, N.C. / Providence HS","Charlotte, N.C. / Providence HS",Name,Hometown / High School,Hometown / High School,Hometown / High School,womens track,nc_state
3,Marissa Bishop,"Cary, N.C. / Cardinal Gibbons","Cary, N.C. / Cardinal Gibbons","Cary, N.C. / Cardinal Gibbons",Name,Hometown / High School,Hometown / High School,Hometown / High School,womens track,nc_state
4,Izzy Carron,"Skerries, Dublin, Ireland / Skerries Community College","Skerries, Dublin, Ireland / Skerries Community College","Skerries, Dublin, Ireland / Skerries Community College",Name,Hometown / High School,Hometown / High School,Hometown / High School,womens track,nc_state
5,Timara Chapman,"Raleigh, N.C. / Leesville Road","Raleigh, N.C. / Leesville Road","Raleigh, N.C. / Leesville Road",Name,Hometown / High School,Hometown / High School,Hometown / High School,womens track,nc_state
6,Dominique Clairmonte,"Lexington, Ohio / Lexington","Lexington, Ohio / Lexington","Lexington, Ohio / Lexington",Name,Hometown / High School,Hometown / High School,Hometown / High School,womens track,nc_state
7,Michelle Cobb,"Asheville, N.C. / T.C. Roberson","Asheville, N.C. / T.C. Roberson","Asheville, N.C. / T.C. Roberson",Name,Hometown / High School,Hometown / High School,Hometown / High School,womens track,nc_state
8,Mikieja Covington,"Wendell, N.C. / East Wake","Wendell, N.C. / East Wake","Wendell, N.C. / East Wake",Name,Hometown / High School,Hometown / High School,Hometown / High School,womens track,nc_state
9,Nell Crosby,"Colorado Springs, Colo. / Cheyenne Mountain","Colorado Springs, Colo. / Cheyenne Mountain","Colorado Springs, Colo. / Cheyenne Mountain",Name,Hometown / High School,Hometown / High School,Hometown / High School,womens track,nc_state
10,Gabriele Cunningham,"Charlotte, N.C. / Mallard Creek","Charlotte, N.C. / Mallard Creek","Charlotte, N.C. / Mallard Creek",Name,Hometown / High School,Hometown / High School,Hometown / High School,womens track,nc_state
11,Lauren Evans,"Fayetteville, N.C. / Pine Forest HS","Fayetteville, N.C. / Pine Forest HS","Fayetteville, N.C. / Pine Forest HS",Name,Hometown / High School,Hometown / High School,Hometown / High School,womens track,nc_state
12,Emma Ferguson,"Perth, Western Australia / Methodist Ladies' College","Perth, Western Australia / Methodist Ladies' College","Perth, Western Australia / Methodist Ladies' College",Name,Hometown / High School,Hometown / High School,Hometown / High School,womens track,nc_state
13,Ryen Frazier,"Raleigh, N.C. / Ravenscroft","Raleigh, N.C. / Ravenscroft","Raleigh, N.C. / Ravenscroft",Name,Hometown / High School,Hometown / High School,Hometown / High School,womens track,nc_state
14,Grace Gaudin,"Woodbridge, Va. / Forest Park","Woodbridge, Va. / Forest Park","Woodbridge, Va. / Forest Park",Name,Hometown / High School,Hometown / High School,Hometown / High School,womens track,nc_state
15,Rafaella Gibbons,"Orlando, Fla. / Winter Park","Orlando, Fla. / Winter Park","Orlando, Fla. / Winter Park",Name,Hometown / High School,Hometown / High School,Hometown / High School,womens track,nc_state
16,Rebekah Greengrass,"Cary, N.C. / Panther Creek","Cary, N.C. / Panther Creek","Cary, N.C. / Panther Creek",Name,Hometown / High School,Hometown / High School,Hometown / High School,womens track,nc_state
17,Jada Griffin,,,,Name,Hometown / High School,Hometown / High School,Hometown / High School,womens track,nc_state
18,Janay Hall,"Fayetteville, N.C. / South View","Fayetteville, N.C. / South View","Fayetteville, N.C. / South View",Name,Hometown / High School,Hometown / High School,Hometown / High School,womens track,nc_state
19,Jersey Harris,"Atlantic City, N.J. / Page","Atlantic City, N.J. / Page","Atlantic City, N.J. / Page",Name,Hometown / High School,Hometown / High School,Hometown / High School,womens track,nc_state
20,Elly Henes,"Cary, N.C. / Green Hope","Cary, N.C. / Green Hope","Cary, N.C. / Green Hope",Name,Hometown / High School,Hometown / High School,Hometown / High School,womens track,nc_state
21,Ashley Ho,"Piqua, Ohio / Piqua","Piqua, Ohio / Piqua","Piqua, Ohio / Piqua",Name,Hometown / High School,Hometown / High School,Hometown / High School,womens track,nc_state
22,Ashley Holt,"Fairfax, Va. / George C. Marshall","Fairfax, Va. / George C. Marshall","Fairfax, Va. / George C. Marshall",Name,Hometown / High School,Hometown / High School,Hometown / High School,womens track,nc_state
23,Heather Holt,"Fairfax, Va. / George C. Marshall","Fairfax, Va. / George C. Marshall","Fairfax, Va. / George C. Marshall",Name,Hometown / High School,Hometown / High School,Hometown / High School,womens track,nc_state
24,Mariah Howlett,"Charlotte, N.C. / Lake Norman Charter","Charlotte, N.C. / Lake Norman Charter","Charlotte, N.C. / Lake Norman Charter",Name,Hometown / High School,Hometown / High School,Hometown / High School,womens track,nc_state
25,Nia Judkins,"Raleigh, N.C. / Athens Drive HS","Raleigh, N.C. / Athens Drive HS","Raleigh, N.C. / Athens Drive HS",Name,Hometown / High School,Hometown / High School,Hometown / High School,womens track,nc_state
26,Casey Kendall,"Herndon, Va. / Oakton","Herndon, Va. / Oakton","Herndon, Va. / Oakton",Name,Hometown / High School,Hometown / High School,Hometown / High School,womens track,nc_state
27,Rachel Koon,"Asheville, N.C. / T.C. Roberson","Asheville, N.C. / T.C. Roberson","Asheville, N.C. / T.C. Roberson",Name,Hometown / High School,Hometown / High School,Hometown / High School,womens track,nc_state
28,Sarah LaTour,"Waxhaw, N.C. / Cuthbertson","Waxhaw, N.C. / Cuthbertson","Waxhaw, N.C. / Cuthbertson",Name,Hometown / High School,Hometown / High School,Hometown / High School,womens track,nc_state
29,McKenzie Long,"Ironton, Ohio / Pickerington Central","Ironton, Ohio / Pickerington Central","Ironton, Ohio / Pickerington Central",Name,Hometown / High School,Hometown / High School,Hometown / High School,womens track,nc_state
30,Nevada Mareno,"Raleigh, N.C. / Leesville Road","Raleigh, N.C. / Leesville Road","Raleigh, N.C. / Leesville Road",Name,Hometown / High School,Hometown / High School,Hometown / High School,womens track,nc_state
31,Janel Pate,"Nashville, Tenn. / Hillsboro","Nashville, Tenn. / Hillsboro","Nashville, Tenn. / Hillsboro",Name,Hometown / High School,Hometown / High School,Hometown / High School,womens track,nc_state
32,Annie Pierce,"Cary, N.C. / Cardinal Gibbons","Cary, N.C. / Cardinal Gibbons","Cary, N.C. / Cardinal Gibbons",Name,Hometown / High School,Hometown / High School,Hometown / High School,womens track,nc_state
33,Alexis Postell,"Owings, Md. / Bullis School","Owings, Md. / Bullis School","Owings, Md. / Bullis School",Name,Hometown / High School,Hometown / High School,Hometown / High School,womens track,nc_state
34,Megan Rempel,"Ontario, Canada / E.L. Crossley Secondary School","Ontario, Canada / E.L. Crossley Secondary School","Ontario, Canada / E.L. Crossley Secondary School",Name,Hometown / High School,Hometown / High School,Hometown / High School,womens track,nc_state
35,Sophia Rigg,"Zionsville, Ind. / Zionsville Community","Zionsville, Ind. / Zionsville Community","Zionsville, Ind. / Zionsville Community",Name,Hometown / High School,Hometown / High School,Hometown / High School,womens track,nc_state
36,Savannah Shaw,United States of America / Upper St. Clair,United States of America / Upper St. Clair,United States of America / Upper St. Clair,Name,Hometown / High School,Hometown / High School,Hometown / High School,womens track,nc_state
37,Hannah Stokes,"Weddington, NC / Weddington","Weddington, NC / Weddington","Weddington, NC / Weddington",Name,Hometown / High School,Hometown / High School,Hometown / High School,womens track,nc_state
38,Beth Taye,"Silver Springs, Md. / Paint Branch","Silver Springs, Md. / Paint Branch","Silver Springs, Md. / Paint Branch",Name,Hometown / High School,Hometown / High School,Hometown / High School,womens track,nc_state
39,Nicole Teague,"Atlanta, Ga. / The Lovett School","Atlanta, Ga. / The Lovett School","Atlanta, Ga. / The Lovett School",Name,Hometown / High School,Hometown / High School,Hometown / High School,womens track,nc_state
40,Anna Vess,"Fairview, N.C. / AC Reynolds","Fairview, N.C. / AC Reynolds","Fairview, N.C. / AC Reynolds",Name,Hometown / High School,Hometown / High School,Hometown / High School,womens track,nc_state
41,Caroline Walters,"Waxhaw, N.C. / Metrolina Christian Academy","Waxhaw, N.C. / Metrolina Christian Academy","Waxhaw, N.C. / Metrolina Christian Academy",Name,Hometown / High School,Hometown / High School,Hometown / High School,womens track,nc_state
42,Lauren White,"Raleigh, N.C. / Rolesville","Raleigh, N.C. / Rolesville","Raleigh, N.C. / Rolesville",Name,Hometown / High School,Hometown / High School,Hometown / High School,womens track,nc_state
43,Hannah Williams,"San Rafael, Calif. / Sir Francis Drake HS","San Rafael, Calif. / Sir Francis Drake HS","San Rafael, Calif. / Sir Francis Drake HS",Name,Hometown / High School,Hometown / High School,Hometown / High School,womens track,nc_state
44,Kylia Wright,"Raleigh, N.C. / Southeast Raleigh","Raleigh, N.C. / Southeast Raleigh","Raleigh, N.C. / Southeast Raleigh",Name,Hometown / High School,Hometown / High School,Hometown / High School,womens track,nc_state
45,Julia Zachgo,"Clifton Park, N.Y. / Shenendehowa","Clifton Park, N.Y. / Shenendehowa","Clifton Park, N.Y. / Shenendehowa",Name,Hometown / High School,Hometown / High School,Hometown / High School,womens track,nc_state
46,Isabel Zimmermann,"Clemmons, N.C. / Ronald Wilson Reagan","Clemmons, N.C. / Ronald Wilson Reagan","Clemmons, N.C. / Ronald Wilson Reagan",Name,Hometown / High School,Hometown / High School,Hometown / High School,womens track,nc_state
0,Tyler Barnes,"Rock City Falls, N.Y.",Ballston Spa HS,Ballston Spa HS,Name,Hometown,High School,High School,wrestling,nc_state
1,P.J. Bernstein,"Raleigh, N.C.",Athens Drive HS,Athens Drive HS,Name,Hometown,High School,High School,wrestling,nc_state
2,Daniel Bullard,"Lawrenceville, Ga.",Archer HS,Archer HS,Name,Hometown,High School,High School,wrestling,nc_state
3,Thomas Bullard,"Lawrenceville, Ga.",Archer HS,Archer HS,Name,Hometown,High School,High School,wrestling,nc_state
4,Jakob Camacho,"Danbury, Conn.",Danbury HS,Danbury HS,Name,Hometown,High School,High School,wrestling,nc_state
5,Will Clark,"Cary, N.C.",Cary HS,Cary HS,Name,Hometown,High School,High School,wrestling,nc_state
6,Jake Cook,"Ballston Spa, N.Y.",Ballston Spa HS,Ballston Spa HS,Name,Hometown,High School,High School,wrestling,nc_state
7,Tommy Cox,"Deer Park, N.Y.",Deer Park HS,Deer Park HS,Name,Hometown,High School,High School,wrestling,nc_state
8,Roderick Davis,"Powder Springs, Ga.",Holy Innocents' Episcopal,Holy Innocents' Episcopal,Name,Hometown,High School,High School,wrestling,nc_state
9,John Devine,"East Greenbush, N.Y.",Columbia HS,Columbia HS,Name,Hometown,High School,High School,wrestling,nc_state
10,Kellen Devlin,"Amherst, N.Y.",Amherst HS,Amherst HS,Name,Hometown,High School,High School,wrestling,nc_state
11,Trevor Edwards,"Mattoon, Ill.",Mattonn HS,Mattonn HS,Name,Hometown,High School,High School,wrestling,nc_state
12,Alex Faison,"Whispering Springs, N.C.",Union Pines HS,Union Pines HS,Name,Hometown,High School,High School,wrestling,nc_state
13,Sean Fausz,"Alexandria, Ky.",Campbell County HS,Campbell County HS,Name,Hometown,High School,High School,wrestling,nc_state
14,Matt Fields,"Brunswick, Ohio",Walsh Jesuit HS,Walsh Jesuit HS,Name,Hometown,High School,High School,wrestling,nc_state
15,Matt Grippi,"Bedford Hills, N.Y.",Fox Lane HS,Fox Lane HS,Name,Hometown,High School,High School,wrestling,nc_state
16,Hayden Hidlay,"Lewistown, Pa.",Mifflin County HS,Mifflin County HS,Name,Hometown,High School,High School,wrestling,nc_state
17,Trent Hidlay,"Lewistown, Pa.",Mifflin County HS,Mifflin County HS,Name,Hometown,High School,High School,wrestling,nc_state
18,Tyrie Houghton,"Weddington, N.C.",Weddington HS,Weddington HS,Name,Hometown,High School,High School,wrestling,nc_state
19,Tyler Johnson,"Lockport, Ill.",Lockport HS,Lockport HS,Name,Hometown,High School,High School,wrestling,nc_state
20,Colin Lawler,"Houston, Texas",The Kinkaid School,The Kinkaid School,Name,Hometown,High School,High School,wrestling,nc_state
21,A.J. Leitten,"Fort Mill, S.C.",Fort Mill HS,Fort Mill HS,Name,Hometown,High School,High School,wrestling,nc_state
22,Charlie Lenox,"Erie, Pa.",Ft. LeBoeuf HS,Ft. LeBoeuf HS,Name,Hometown,High School,High School,wrestling,nc_state
23,Malik McDonald,"Hope Mills, N.C.",South View HS,South View HS,Name,Hometown,High School,High School,wrestling,nc_state
24,Sam Melikian,"Mohegan Lake, N.Y.",Fordham Prep School,Fordham Prep School,Name,Hometown,High School,High School,wrestling,nc_state
25,Jamal Morris,"Fort Lauderdale, Fla.",Cardinal Gibbons HS,Cardinal Gibbons HS,Name,Hometown,High School,High School,wrestling,nc_state
26,Jamel Morris,"Fort Lauderdale, Fla.",Cardinal Gibbons HS,Cardinal Gibbons HS,Name,Hometown,High School,High School,wrestling,nc_state
27,Justin Oliver,"Davison, Mich.",Davison HS,Davison HS,Name,Hometown,High School,High School,wrestling,nc_state
28,Jarred Papcsy,"Nazareth, Pa.",Bethlehem Catholic HS,Bethlehem Catholic HS,Name,Hometown,High School,High School,wrestling,nc_state
29,Nick Reenan,"Dallas, Texas",Wyoming Seminary Prep,Wyoming Seminary Prep,Name,Hometown,High School,High School,wrestling,nc_state
30,Josiah Rider,"Grand Junction, Colo.",Grand Junction HS,Grand Junction HS,Name,Hometown,High School,High School,wrestling,nc_state
31,Zurich Storm,"New Oxford, Pa.",New Oxford HS,New Oxford HS,Name,Hometown,High School,High School,wrestling,nc_state
32,Jarrett Trombley,"Owosso, Mich.",Lake Fenton HS,Lake Fenton HS,Name,Hometown,High School,High School,wrestling,nc_state
33,Alex Urquiza,"Miami, Fla.",Southwest HS,Southwest HS,Name,Hometown,High School,High School,wrestling,nc_state
34,Deonte Wilson,"Amityville, N.Y.",Amityville Memorial HS,Amityville Memorial HS,Name,Hometown,High School,High School,wrestling,nc_state
35,Tariq Wilson,"Steubenville, Ohio",Steubenville HS,Steubenville HS,Name,Hometown,High School,High School,wrestling,nc_state
36,Tony Wuest,"Smyrna, Del.",Smyrna HS,Smyrna HS,Name,Hometown,High School,High School,wrestling,nc_state
0,Jessica Moore,"Northridge, Calif.",Northridge Academy,Northridge Academy,Name,Hometown,High School/Last School,High School/Last School,softball,nc_state
1,Sam Russ,"Charlotte, N.C.",Providence Day,Providence Day,Name,Hometown,High School/Last School,High School/Last School,softball,nc_state
2,April Visser,"West Herriman, Utah",Herriman,Herriman,Name,Hometown,High School/Last School,High School/Last School,softball,nc_state
3,Lily Bishop,"Riverside, Calif.",Grand Terrace,Grand Terrace,Name,Hometown,High School/Last School,High School/Last School,softball,nc_state
4,Madeline Curtis,"Graham, N.C.",Southern Alamance,Southern Alamance,Name,Hometown,High School/Last School,High School/Last School,softball,nc_state
5,Dakota Christie,"Harrisburg, N.C.",Hickory Ridge,Hickory Ridge,Name,Hometown,High School/Last School,High School/Last School,softball,nc_state
6,Chandley Garner,"Lawsonville, N.C.",North Stokes,North Stokes,Name,Hometown,High School/Last School,High School/Last School,softball,nc_state
7,Natalie Jones,"Stedman, N.C.",Cape Fear,Cape Fear,Name,Hometown,High School/Last School,High School/Last School,softball,nc_state
8,Randi Farricker,"Glendora, Calif.",Arizona State,Arizona State,Name,Hometown,High School/Last School,High School/Last School,softball,nc_state
9,Kama Woodall,"Spring Hill, Fla.",F.W. Springstead,F.W. Springstead,Name,Hometown,High School/Last School,High School/Last School,softball,nc_state
10,Brittany Nimmo,"Springfield, Mo.",Ozark,Ozark,Name,Hometown,High School/Last School,High School/Last School,softball,nc_state
11,Sydney Nester,"Hillsville, Va.",Carroll County,Carroll County,Name,Hometown,High School/Last School,High School/Last School,softball,nc_state
12,Haylee Kobziak,"Waxhaw, N.C.",Cuthbertson,Cuthbertson,Name,Hometown,High School/Last School,High School/Last School,softball,nc_state
13,Timberlyn Shurbutt,"Alexandria, Ala.",Alexandria,Alexandria,Name,Hometown,High School/Last School,High School/Last School,softball,nc_state
14,Rylie Newman,"Swan Quarter, N.C.",Northside,Northside,Name,Hometown,High School/Last School,High School/Last School,softball,nc_state
15,Devin Wallace,"Raleigh, N.C.",Coastal Carolina,Coastal Carolina,Name,Hometown,High School/Last School,High School/Last School,softball,nc_state
16,Brigette Nordberg,"Exton, Pa.",Maryland,Maryland,Name,Hometown,High School/Last School,High School/Last School,softball,nc_state
17,Skylar Johnston,"Virginia Beach, Va.",Fordham,Fordham,Name,Hometown,High School/Last School,High School/Last School,softball,nc_state
18,Angie Rizzi,"Tuckahoe, N.Y.",LIU Brooklyn,LIU Brooklyn,Name,Hometown,High School/Last School,High School/Last School,softball,nc_state
19,Kelli Wagner,"Archdale, N.C.",Trinity,Trinity,Name,Hometown,High School/Last School,High School/Last School,softball,nc_state
0,Kaylee Frazier,"The Woodlands, Texas",The John Cooper School,The John Cooper School,Name,Hometown,High School (Last School),High School (Last School),womens volleyball,nc_state
1,Grace Irvin,"Raleigh, N.C.",Raleigh Charter,Raleigh Charter,Name,Hometown,High School (Last School),High School (Last School),womens volleyball,nc_state
2,Melissa Evans,"Lone Tree, Colo.",Highlands Ranch,Highlands Ranch,Name,Hometown,High School (Last School),High School (Last School),womens volleyball,nc_state
3,Kylie Pickrell,"Coppell, Texas",Coppell (Arizona State),Coppell (Arizona State),Name,Hometown,High School (Last School),High School (Last School),womens volleyball,nc_state
4,Keira Moore,"Spartanburg, S.C.",Spartanburg (Gardner-Webb),Spartanburg (Gardner-Webb),Name,Hometown,High School (Last School),High School (Last School),womens volleyball,nc_state
5,Kassie Kasper,"Algonquin, Ill.",Harry D. Jacobs,Harry D. Jacobs,Name,Hometown,High School (Last School),High School (Last School),womens volleyball,nc_state
6,Pam Chukwujekwu,"Laurel, Md.",Reservoir,Reservoir,Name,Hometown,High School (Last School),High School (Last School),womens volleyball,nc_state
7,Jasmine Evans,"Lone Tree, Colo.",Highlands Ranch,Highlands Ranch,Name,Hometown,High School (Last School),High School (Last School),womens volleyball,nc_state
8,Makenzie Kuchmaner,"Waxhaw, N.C.",Marvin Ridge,Marvin Ridge,Name,Hometown,High School (Last School),High School (Last School),womens volleyball,nc_state
9,Savannah Bryant,"Waynesville, N.C.",Tuscola,Tuscola,Name,Hometown,High School (Last School),High School (Last School),womens volleyball,nc_state
10,Sarah Konchan,"Kenosha, Wis.",Kenosha Tremper,Kenosha Tremper,Name,Hometown,High School (Last School),High School (Last School),womens volleyball,nc_state
11,Kristen Chatman,"Columbus, Ohio",Bishop Hartley,Bishop Hartley,Name,Hometown,High School (Last School),High School (Last School),womens volleyball,nc_state
12,Erin Chatman,"Columbus, Ohio",Bishop Hartley (Ohio State),Bishop Hartley (Ohio State),Name,Hometown,High School (Last School),High School (Last School),womens volleyball,nc_state
13,Jade Parchment,"Kensington, Md.",Holy Cross,Holy Cross,Name,Hometown,High School (Last School),High School (Last School),womens volleyball,nc_state
14,Jessica Kemp,"Fort Mill, S.C.",Nation Ford,Nation Ford,Name,Hometown,High School (Last School),High School (Last School),womens volleyball,nc_state
15,Nina Sharpton,"Palm Beach, Fla.",Park Vista Community,Park Vista Community,Name,Hometown,High School (Last School),High School (Last School),womens volleyball,nc_state
16,Lauryn Terry,"Columbia, Md.",Hammond,Hammond,Name,Hometown,High School (Last School),High School (Last School),womens volleyball,nc_state
17,Nailah Gordon,"Southlake, Texas",Southlake Carroll,Southlake Carroll,Name,Hometown,High School (Last School),High School (Last School),womens volleyball,nc_state
18,Nahir Berrios Laguerre,"Raleigh, N.C.",Sanderson (NC Central),Sanderson (NC Central),Name,Hometown,High School (Last School),High School (Last School),womens volleyball,nc_state
19,Teni Sopitan,"Laurel, Md.",Laurel,Laurel,Name,Hometown,High School (Last School),High School (Last School),womens volleyball,nc_state
0,Alexis Beucler,"Findlay, Ohio",Lake Minneola,Lake Minneola,Name,Hometown,High School/Last School,High School/Last School,womens gymnastics,nc_state
1,Melissa Brooker,"Charlotte, N.C.",Covenant Day School,Covenant Day School,Name,Hometown,High School/Last School,High School/Last School,womens gymnastics,nc_state
2,Katie Cox,"Fuquay Varina, N.C.",Southern Wake Academy,Southern Wake Academy,Name,Hometown,High School/Last School,High School/Last School,womens gymnastics,nc_state
3,Caitlyn Fillard,"Centereach, N.Y.",Newfield,Newfield,Name,Hometown,High School/Last School,High School/Last School,womens gymnastics,nc_state
4,Kailin Foland,"Morrisville, N.C.",Raleigh Charter,Raleigh Charter,Name,Hometown,High School/Last School,High School/Last School,womens gymnastics,nc_state
5,Drew Grantham,"Durham, N.C.",CE Jordan,CE Jordan,Name,Hometown,High School/Last School,High School/Last School,womens gymnastics,nc_state
6,Alliah Harrison,"Raleigh, N.C.",Middle Creek High School,Middle Creek High School,Name,Hometown,High School/Last School,High School/Last School,womens gymnastics,nc_state
7,Olivia Hunter,"Hampstead, N.C.",Topsail,Topsail,Name,Hometown,High School/Last School,High School/Last School,womens gymnastics,nc_state
8,Lauren Kent,"Willow Springs, N.C.",Holly Springs,Holly Springs,Name,Hometown,High School/Last School,High School/Last School,womens gymnastics,nc_state
9,Hailey Mesmer,"Oak Ridge, Tenn.",Knoxville Catholic,Knoxville Catholic,Name,Hometown,High School/Last School,High School/Last School,womens gymnastics,nc_state
10,Kasey Nelson,"Marietta, Ga.",Marietta,Marietta,Name,Hometown,High School/Last School,High School/Last School,womens gymnastics,nc_state
11,Alexa Phillips,"Athens, Ga.",North Oconee,North Oconee,Name,Hometown,High School/Last School,High School/Last School,womens gymnastics,nc_state
12,Paris Phillips,"Athens, Ga.",North Oconee,North Oconee,Name,Hometown,High School/Last School,High School/Last School,womens gymnastics,nc_state
13,Victoria Prati,"Winter Haven, Fla.",Laurel Springs,Laurel Springs,Name,Hometown,High School/Last School,High School/Last School,womens gymnastics,nc_state
14,Meredith Robinson,"Huntersville, N.C.",Cox Mill High School,Cox Mill High School,Name,Hometown,High School/Last School,High School/Last School,womens gymnastics,nc_state
15,Alexis Sheppard,"Parker, Colo.",Chaparral High School,Chaparral High School,Name,Hometown,High School/Last School,High School/Last School,womens gymnastics,nc_state
16,Maggie Tamburro,"Hummelstown, Pa.",Lower Dauphin,Lower Dauphin,Name,Hometown,High School/Last School,High School/Last School,womens gymnastics,nc_state
17,Sara Watson,"Tabor City, N.C.",South Columbus,South Columbus,Name,Hometown,High School/Last School,High School/Last School,womens gymnastics,nc_state
18,Haley Zarett,"Jamison, Pa.",Central Bucks High School West,Central Bucks High School West,Name,Hometown,High School/Last School,High School/Last School,womens gymnastics,nc_state
0,Zach Eisenberg,"Burke, Va.",Robinson Secondary,Robinson Secondary,Name,Hometown,High School (Previous School),High School (Previous School),mixed rifle,nc_state
1,Emily Fisher,"Fairfax, Va.",Robinson Secondary,Robinson Secondary,Name,Hometown,High School (Previous School),High School (Previous School),mixed rifle,nc_state
2,Kendra Jacobs,"Trent, S.D.",West Central (Air Force),West Central (Air Force),Name,Hometown,High School (Previous School),High School (Previous School),mixed rifle,nc_state
3,Tyler Lefebvre,"Uxbridge, Mass.",Nipmuc Regional,Nipmuc Regional,Name,Hometown,High School (Previous School),High School (Previous School),mixed rifle,nc_state
4,Will Marciniak,"Sewaren, N.J.",St. Joseph's,St. Joseph's,Name,Hometown,High School (Previous School),High School (Previous School),mixed rifle,nc_state
5,Claire Spina,"Clifton, Va.",Robinson Secondary,Robinson Secondary,Name,Hometown,High School (Previous School),High School (Previous School),mixed rifle,nc_state
6,Aron Tinter,"Arlington,Va.",Washington-Lee,Washington-Lee,Name,Hometown,High School (Previous School),High School (Previous School),mixed rifle,nc_state
7,Claire Zanti,"Norfolk, Va.",Homeschooled,Homeschooled,Name,Hometown,High School (Previous School),High School (Previous School),mixed rifle,nc_state
