,name,hometown,high school,school,name text,hometown text,high school text,school text,sport,college
0,Ryan Greer,"Atlanta, Ga. / Northfield Mount Hermon (Mass.)","Atlanta, Ga. / Northfield Mount Hermon (Mass.)","Atlanta, Ga. / Northfield Mount Hermon (Mass.)",Name,Hometown/High School,Hometown/High School,Hometown/High School,mens basketball,northwestern
1,Vic Law,"South Holland, Ill. / St. Rita","South Holland, Ill. / St. Rita","South Holland, Ill. / St. Rita",Name,Hometown/High School,Hometown/High School,Hometown/High School,mens basketball,northwestern
2,Dererk Pardon,"Cleveland, Ohio / Villa Angela-St. Joseph","Cleveland, Ohio / Villa Angela-St. Joseph","Cleveland, Ohio / Villa Angela-St. Joseph",Name,Hometown/High School,Hometown/High School,Hometown/High School,mens basketball,northwestern
3,Miller Kopp,"Houston, Texas / Houston Christian","Houston, Texas / Houston Christian","Houston, Texas / Houston Christian",Name,Hometown/High School,Hometown/High School,Hometown/High School,mens basketball,northwestern
4,Anthony Gaines,"Kingston, N.Y. / New Hampton School (N.H.)","Kingston, N.Y. / New Hampton School (N.H.)","Kingston, N.Y. / New Hampton School (N.H.)",Name,Hometown/High School,Hometown/High School,Hometown/High School,mens basketball,northwestern
5,Ryan Taylor,"Gary, Ind. / St. John's Northwestern Military Academy (Wis.)","Gary, Ind. / St. John's Northwestern Military Academy (Wis.)","Gary, Ind. / St. John's Northwestern Military Academy (Wis.)",Name,Hometown/High School,Hometown/High School,Hometown/High School,mens basketball,northwestern
6,Ryan Young,"Stewartsville, N.J. / Bethlehem (Pa.) Catholic","Stewartsville, N.J. / Bethlehem (Pa.) Catholic","Stewartsville, N.J. / Bethlehem (Pa.) Catholic",Name,Hometown/High School,Hometown/High School,Hometown/High School,mens basketball,northwestern
7,A.J. Turner,"Mt. Clemens, Mich. / New Hampton School (N.H.)","Mt. Clemens, Mich. / New Hampton School (N.H.)","Mt. Clemens, Mich. / New Hampton School (N.H.)",Name,Hometown/High School,Hometown/High School,Hometown/High School,mens basketball,northwestern
8,Pete Nance,"Akron, Ohio / Revere","Akron, Ohio / Revere","Akron, Ohio / Revere",Name,Hometown/High School,Hometown/High School,Hometown/High School,mens basketball,northwestern
9,Jordan Ash,"Bolingbrook, Ill. / St. Joseph","Bolingbrook, Ill. / St. Joseph","Bolingbrook, Ill. / St. Joseph",Name,Hometown/High School,Hometown/High School,Hometown/High School,mens basketball,northwestern
10,Barret Benson,"Willowbrook, Ill. / Hinsdale South","Willowbrook, Ill. / Hinsdale South","Willowbrook, Ill. / Hinsdale South",Name,Hometown/High School,Hometown/High School,Hometown/High School,mens basketball,northwestern
11,Tino Malnati,"Northfield, Ill. / New Trier","Northfield, Ill. / New Trier","Northfield, Ill. / New Trier",Name,Hometown/High School,Hometown/High School,Hometown/High School,mens basketball,northwestern
12,Charlie Hall,"Los Angeles, Calif. / Crossroads School","Los Angeles, Calif. / Crossroads School","Los Angeles, Calif. / Crossroads School",Name,Hometown/High School,Hometown/High School,Hometown/High School,mens basketball,northwestern
13,Aaron Falzon,"Newton, Mass. / Northfield Mount Hermon","Newton, Mass. / Northfield Mount Hermon","Newton, Mass. / Northfield Mount Hermon",Name,Hometown/High School,Hometown/High School,Hometown/High School,mens basketball,northwestern
0,Jess Sancataldo,"Sydney, Australia / Turamurra","Sydney, Australia / Turamurra","Sydney, Australia / Turamurra",Name,Hometown / High School,Hometown / High School,Hometown / High School,womens basketball,northwestern
1,Lauryn Satterwhite,"Avondale, Ariz. / Valley Vista","Avondale, Ariz. / Valley Vista","Avondale, Ariz. / Valley Vista",Name,Hometown / High School,Hometown / High School,Hometown / High School,womens basketball,northwestern
2,Sydney Wood,"Olney, Md. / St. John's College HS","Olney, Md. / St. John's College HS","Olney, Md. / St. John's College HS",Name,Hometown / High School,Hometown / High School,Hometown / High School,womens basketball,northwestern
3,Bryana Hopkins,"Palatine, Ill. / William Fremd","Palatine, Ill. / William Fremd","Palatine, Ill. / William Fremd",Name,Hometown / High School,Hometown / High School,Hometown / High School,womens basketball,northwestern
4,Lindsey Pulliam,"Silver Spring, Md. / Our Lady of Good Counsel","Silver Spring, Md. / Our Lady of Good Counsel","Silver Spring, Md. / Our Lady of Good Counsel",Name,Hometown / High School,Hometown / High School,Hometown / High School,womens basketball,northwestern
5,Brooke Pikiell,"Far Hills, N.J. / Rutgers Prep","Far Hills, N.J. / Rutgers Prep","Far Hills, N.J. / Rutgers Prep",Name,Hometown / High School,Hometown / High School,Hometown / High School,womens basketball,northwestern
6,Veronica Burton,"Newton, Mass. / Newton South","Newton, Mass. / Newton South","Newton, Mass. / Newton South",Name,Hometown / High School,Hometown / High School,Hometown / High School,womens basketball,northwestern
7,Pallas Kunaiyi-Akpanah,"Abuja, Nigeria / Rabun Gap - Nacoochee School","Abuja, Nigeria / Rabun Gap - Nacoochee School","Abuja, Nigeria / Rabun Gap - Nacoochee School",Name,Hometown / High School,Hometown / High School,Hometown / High School,womens basketball,northwestern
8,Courtney Shaw,"Perry Hall, Md. / Perry Hall","Perry Hall, Md. / Perry Hall","Perry Hall, Md. / Perry Hall",Name,Hometown / High School,Hometown / High School,Hometown / High School,womens basketball,northwestern
9,Abbie Wolf,"Greenwich, Conn. / Greenwich","Greenwich, Conn. / Greenwich","Greenwich, Conn. / Greenwich",Name,Hometown / High School,Hometown / High School,Hometown / High School,womens basketball,northwestern
10,Byrdy Galernik,"Toledo, Ohio / Toledo Central Catholic","Toledo, Ohio / Toledo Central Catholic","Toledo, Ohio / Toledo Central Catholic",Name,Hometown / High School,Hometown / High School,Hometown / High School,womens basketball,northwestern
11,Jordan Hamilton,"Frisco, Texas / Frisco Liberty","Frisco, Texas / Frisco Liberty","Frisco, Texas / Frisco Liberty",Name,Hometown / High School,Hometown / High School,Hometown / High School,womens basketball,northwestern
12,Amber Jamison,"Rochester Hills, Mich. / Rochester Adams","Rochester Hills, Mich. / Rochester Adams","Rochester Hills, Mich. / Rochester Adams",Name,Hometown / High School,Hometown / High School,Hometown / High School,womens basketball,northwestern
13,Abi Scheid,"Elk River, Minn. / Elk River","Elk River, Minn. / Elk River","Elk River, Minn. / Elk River",Name,Hometown / High School,Hometown / High School,Hometown / High School,womens basketball,northwestern
0,Jack Dunn,"Alpharetta, Ga. / Blessed Trinity","Alpharetta, Ga. / Blessed Trinity","Alpharetta, Ga. / Blessed Trinity",Name,Hometown / High School,Hometown / High School,Hometown / High School,baseball,northwestern
1,Nick Paciorek,"Sherman Oaks, Calif. / Oaks Christian","Sherman Oaks, Calif. / Oaks Christian","Sherman Oaks, Calif. / Oaks Christian",Name,Hometown / High School,Hometown / High School,Hometown / High School,baseball,northwestern
2,Alex Erro,"Miami, Fla. / Gulliver Prep","Miami, Fla. / Gulliver Prep","Miami, Fla. / Gulliver Prep",Name,Hometown / High School,Hometown / High School,Hometown / High School,baseball,northwestern
3,Tommy Bordignon,"Glenview, Ill. / Loyola Academy","Glenview, Ill. / Loyola Academy","Glenview, Ill. / Loyola Academy",Name,Hometown / High School,Hometown / High School,Hometown / High School,baseball,northwestern
4,David Dunn,"Alpharetta, Ga. / Blessed Trinity","Alpharetta, Ga. / Blessed Trinity","Alpharetta, Ga. / Blessed Trinity",Name,Hometown / High School,Hometown / High School,Hometown / High School,baseball,northwestern
5,Quinn Lavelle,"Cleveland, Ohio / St. Edward","Cleveland, Ohio / St. Edward","Cleveland, Ohio / St. Edward",Name,Hometown / High School,Hometown / High School,Hometown / High School,baseball,northwestern
6,"Kyle Burnett, Jr.","Dallas, Texas / Highland Park","Dallas, Texas / Highland Park","Dallas, Texas / Highland Park",Name,Hometown / High School,Hometown / High School,Hometown / High School,baseball,northwestern
7,Ben Dickey,"Elk Grove, Ill. / St. Viator","Elk Grove, Ill. / St. Viator","Elk Grove, Ill. / St. Viator",Name,Hometown / High School,Hometown / High School,Hometown / High School,baseball,northwestern
8,Jack Pagliarini,"Springboro, Ohio / Springboro","Springboro, Ohio / Springboro","Springboro, Ohio / Springboro",Name,Hometown / High School,Hometown / High School,Hometown / High School,baseball,northwestern
9,Jack Kelly,"St. Michael, Minn. / St. Michael-Albertville","St. Michael, Minn. / St. Michael-Albertville","St. Michael, Minn. / St. Michael-Albertville",Name,Hometown / High School,Hometown / High School,Hometown / High School,baseball,northwestern
10,Connor Lind,"Arden, N.C. / T.C. Roberson","Arden, N.C. / T.C. Roberson","Arden, N.C. / T.C. Roberson",Name,Hometown / High School,Hometown / High School,Hometown / High School,baseball,northwestern
11,JR Reimer,"Lake Forest, Ill. / Lake Forest","Lake Forest, Ill. / Lake Forest","Lake Forest, Ill. / Lake Forest",Name,Hometown / High School,Hometown / High School,Hometown / High School,baseball,northwestern
12,Charlie Maxwell,"Evanston, Ill. / Evanston Township","Evanston, Ill. / Evanston Township","Evanston, Ill. / Evanston Township",Name,Hometown / High School,Hometown / High School,Hometown / High School,baseball,northwestern
13,Danny Katz,"Winnetka, Ill. / New Trier","Winnetka, Ill. / New Trier","Winnetka, Ill. / New Trier",Name,Hometown / High School,Hometown / High School,Hometown / High School,baseball,northwestern
14,Ryan Bader,"Mukwonago, Wis. / Mukwonago","Mukwonago, Wis. / Mukwonago","Mukwonago, Wis. / Mukwonago",Name,Hometown / High School,Hometown / High School,Hometown / High School,baseball,northwestern
15,Tyler Lass,"Belvidere, Ill. / Belvidere","Belvidere, Ill. / Belvidere","Belvidere, Ill. / Belvidere",Name,Hometown / High School,Hometown / High School,Hometown / High School,baseball,northwestern
16,Josh Levy,"Atlanta, Ga. / Woodward Academy","Atlanta, Ga. / Woodward Academy","Atlanta, Ga. / Woodward Academy",Name,Hometown / High School,Hometown / High School,Hometown / High School,baseball,northwestern
17,Willie Bourbon,"Riverwoods, Ill. / Stevenson","Riverwoods, Ill. / Stevenson","Riverwoods, Ill. / Stevenson",Name,Hometown / High School,Hometown / High School,Hometown / High School,baseball,northwestern
18,Hank Christie,"Oak Park, Ill. / Oak Park-River Forest","Oak Park, Ill. / Oak Park-River Forest","Oak Park, Ill. / Oak Park-River Forest",Name,Hometown / High School,Hometown / High School,Hometown / High School,baseball,northwestern
19,Nick Cauley,"Alton, Ill. / Alton","Alton, Ill. / Alton","Alton, Ill. / Alton",Name,Hometown / High School,Hometown / High School,Hometown / High School,baseball,northwestern
20,Leo Kaplan,"Santa Monica, Calif. / Harvard Westlake","Santa Monica, Calif. / Harvard Westlake","Santa Monica, Calif. / Harvard Westlake",Name,Hometown / High School,Hometown / High School,Hometown / High School,baseball,northwestern
21,Charlie Bourbon,"Riverwoods, Ill. / Stevenson","Riverwoods, Ill. / Stevenson","Riverwoods, Ill. / Stevenson",Name,Hometown / High School,Hometown / High School,Hometown / High School,baseball,northwestern
22,Anthony Alepra,"Cedar Rapids, Iowa / Kennedy","Cedar Rapids, Iowa / Kennedy","Cedar Rapids, Iowa / Kennedy",Name,Hometown / High School,Hometown / High School,Hometown / High School,baseball,northwestern
23,Mat Jones,"St. Louis, Mo. / St. John Vianney","St. Louis, Mo. / St. John Vianney","St. Louis, Mo. / St. John Vianney",Name,Hometown / High School,Hometown / High School,Hometown / High School,baseball,northwestern
24,Casey O'Laughlin,"Glen Ellyn, Ill. / Fenwick","Glen Ellyn, Ill. / Fenwick","Glen Ellyn, Ill. / Fenwick",Name,Hometown / High School,Hometown / High School,Hometown / High School,baseball,northwestern
25,Sam Lawrence,"Winfield, Ill. / Wheaton North","Winfield, Ill. / Wheaton North","Winfield, Ill. / Wheaton North",Name,Hometown / High School,Hometown / High School,Hometown / High School,baseball,northwestern
26,Jack Claeys,"Eden Prairie, Minn. / Eden Prairie","Eden Prairie, Minn. / Eden Prairie","Eden Prairie, Minn. / Eden Prairie",Name,Hometown / High School,Hometown / High School,Hometown / High School,baseball,northwestern
27,Matt Gannon,"Skillman, N.J. / Montgomery","Skillman, N.J. / Montgomery","Skillman, N.J. / Montgomery",Name,Hometown / High School,Hometown / High School,Hometown / High School,baseball,northwestern
28,Richard Fordon,"Flossmoor, Ill. / Mount Carmel","Flossmoor, Ill. / Mount Carmel","Flossmoor, Ill. / Mount Carmel",Name,Hometown / High School,Hometown / High School,Hometown / High School,baseball,northwestern
0,Flynn Nagel,"Lemont, Ill. / Lemont","Lemont, Ill. / Lemont","Lemont, Ill. / Lemont",Name,Hometown / High School,Hometown / High School,Hometown / High School,football,northwestern
1,Trae Williams,"The Plains, Ohio / Athens","The Plains, Ohio / Athens","The Plains, Ohio / Athens",Name,Hometown / High School,Hometown / High School,Hometown / High School,football,northwestern
2,Solomon Vault,"Gaithersburg, Md. / Gaithersburg","Gaithersburg, Md. / Gaithersburg","Gaithersburg, Md. / Gaithersburg",Name,Hometown / High School,Hometown / High School,Hometown / High School,football,northwestern
3,Charlie Fessler,"Erie, Pa. / Cathedral Prep","Erie, Pa. / Cathedral Prep","Erie, Pa. / Cathedral Prep",Name,Hometown / High School,Hometown / High School,Hometown / High School,football,northwestern
4,Jelani Roberts,"Owings Mills, Md. / The Gilman School","Owings Mills, Md. / The Gilman School","Owings Mills, Md. / The Gilman School",Name,Hometown / High School,Hometown / High School,Hometown / High School,football,northwestern
5,Travis Whillock,"Katy, Texas / Katy","Katy, Texas / Katy","Katy, Texas / Katy",Name,Hometown / High School,Hometown / High School,Hometown / High School,football,northwestern
6,Jason Whittaker,"Rockford, Mich. / Rockford","Rockford, Mich. / Rockford","Rockford, Mich. / Rockford",Name,Hometown / High School,Hometown / High School,Hometown / High School,football,northwestern
7,Kyric McGowan,"Dalton, Ga. / Dalton","Dalton, Ga. / Dalton","Dalton, Ga. / Dalton",Name,Hometown / High School,Hometown / High School,Hometown / High School,football,northwestern
8,Roderick Campbell,"St. Louis, Mo. / Chaminade College Prep","St. Louis, Mo. / Chaminade College Prep","St. Louis, Mo. / Chaminade College Prep",Name,Hometown / High School,Hometown / High School,Hometown / High School,football,northwestern
9,TJ Green,"Leawood, Kan. / Rockhurst","Leawood, Kan. / Rockhurst","Leawood, Kan. / Rockhurst",Name,Hometown / High School,Hometown / High School,Hometown / High School,football,northwestern
10,Alonzo Mayo,"Baltimore, Md. / The Gilman School","Baltimore, Md. / The Gilman School","Baltimore, Md. / The Gilman School",Name,Hometown / High School,Hometown / High School,Hometown / High School,football,northwestern
11,A.J. Hampton,"Warren, Ark. / Paul R Wharton (Tampa, Fla.)","Warren, Ark. / Paul R Wharton (Tampa, Fla.)","Warren, Ark. / Paul R Wharton (Tampa, Fla.)",Name,Hometown / High School,Hometown / High School,Hometown / High School,football,northwestern
12,Aidan Smith,"Fort Wayne, Ind. / Carroll","Fort Wayne, Ind. / Carroll","Fort Wayne, Ind. / Carroll",Name,Hometown / High School,Hometown / High School,Hometown / High School,football,northwestern
13,JJ Jefferson,"Houston, Texas / St. Pius X","Houston, Texas / St. Pius X","Houston, Texas / St. Pius X",Name,Hometown / High School,Hometown / High School,Hometown / High School,football,northwestern
14,Andrew Marty,"Cincinnati, Ohio / Wyoming","Cincinnati, Ohio / Wyoming","Cincinnati, Ohio / Wyoming",Name,Hometown / High School,Hometown / High School,Hometown / High School,football,northwestern
15,JR Pace,"College Park, Ga. / Woodward Academy","College Park, Ga. / Woodward Academy","College Park, Ga. / Woodward Academy",Name,Hometown / High School,Hometown / High School,Hometown / High School,football,northwestern
16,Charlie Kuhbander,"Springboro, Ohio / Springboro","Springboro, Ohio / Springboro","Springboro, Ohio / Springboro",Name,Hometown / High School,Hometown / High School,Hometown / High School,football,northwestern
17,Jace James,"Carol Stream, Ill. / Glenbard North","Carol Stream, Ill. / Glenbard North","Carol Stream, Ill. / Glenbard North",Name,Hometown / High School,Hometown / High School,Hometown / High School,football,northwestern
18,Hunter Johnson,"Brownsburg, Ind. / Brownsburg","Brownsburg, Ind. / Brownsburg","Brownsburg, Ind. / Brownsburg",Name,Hometown / High School,Hometown / High School,Hometown / High School,football,northwestern
19,Berkeley Holman,"Irvine, Calif. / Saint John Bosco","Irvine, Calif. / Saint John Bosco","Irvine, Calif. / Saint John Bosco",Name,Hometown / High School,Hometown / High School,Hometown / High School,football,northwestern
20,Jalen Brown,"Phoenix, Ariz. / Mountain Pointe","Phoenix, Ariz. / Mountain Pointe","Phoenix, Ariz. / Mountain Pointe",Name,Hometown / High School,Hometown / High School,Hometown / High School,football,northwestern
21,Daniel Kubiuk,"Barrington, Ill. / Barrington","Barrington, Ill. / Barrington","Barrington, Ill. / Barrington",Name,Hometown / High School,Hometown / High School,Hometown / High School,football,northwestern
22,Cameron Ruiz,"Lake Villa, Ill. / Lakes Community","Lake Villa, Ill. / Lakes Community","Lake Villa, Ill. / Lakes Community",Name,Hometown / High School,Hometown / High School,Hometown / High School,football,northwestern
23,Clayton Thorson,"Wheaton, Ill. / Wheaton North","Wheaton, Ill. / Wheaton North","Wheaton, Ill. / Wheaton North",Name,Hometown / High School,Hometown / High School,Hometown / High School,football,northwestern
24,Riley Lees,"Libertyville, Ill. / Libertyville","Libertyville, Ill. / Libertyville","Libertyville, Ill. / Libertyville",Name,Hometown / High School,Hometown / High School,Hometown / High School,football,northwestern
25,John Moten IV,"St. Louis, Mo. / John Burroughs School","St. Louis, Mo. / John Burroughs School","St. Louis, Mo. / John Burroughs School",Name,Hometown / High School,Hometown / High School,Hometown / High School,football,northwestern
26,Drake Anderson,"Chandler, Ariz. / Chandler","Chandler, Ariz. / Chandler","Chandler, Ariz. / Chandler",Name,Hometown / High School,Hometown / High School,Hometown / High School,football,northwestern
27,Bryce Jackson,"Lantana, Texas / John H. Guyer","Lantana, Texas / John H. Guyer","Lantana, Texas / John H. Guyer",Name,Hometown / High School,Hometown / High School,Hometown / High School,football,northwestern
28,Steven Reese,"Buford, Ga. / Buford","Buford, Ga. / Buford","Buford, Ga. / Buford",Name,Hometown / High School,Hometown / High School,Hometown / High School,football,northwestern
29,Alex Bousky,"Peoria, Ill. / Peoria Notre Dame","Peoria, Ill. / Peoria Notre Dame","Peoria, Ill. / Peoria Notre Dame",Name,Hometown / High School,Hometown / High School,Hometown / High School,football,northwestern
30,Montre Hartage,"Cordele, Ga. / Crisp County","Cordele, Ga. / Crisp County","Cordele, Ga. / Crisp County",Name,Hometown / High School,Hometown / High School,Hometown / High School,football,northwestern
31,Isaiah Bowser,"Sidney, Ohio / Sidney","Sidney, Ohio / Sidney","Sidney, Ohio / Sidney",Name,Hometown / High School,Hometown / High School,Hometown / High School,football,northwestern
32,Austin Hiller,"Lakeway, Texas / Lake Travis","Lakeway, Texas / Lake Travis","Lakeway, Texas / Lake Travis",Name,Hometown / High School,Hometown / High School,Hometown / High School,football,northwestern
33,Brian Bullock,"Round Rock, Texas / Round Rock","Round Rock, Texas / Round Rock","Round Rock, Texas / Round Rock",Name,Hometown / High School,Hometown / High School,Hometown / High School,football,northwestern
34,Chad Hanaoka,"Honolulu, Hawaii / 'Iolani School","Honolulu, Hawaii / 'Iolani School","Honolulu, Hawaii / 'Iolani School",Name,Hometown / High School,Hometown / High School,Hometown / High School,football,northwestern
35,Jeremiah McDonald,"Slidell, La. / Northshore High","Slidell, La. / Northshore High","Slidell, La. / Northshore High",Name,Hometown / High School,Hometown / High School,Hometown / High School,football,northwestern
36,Chris Bergin,"Bloomfield Hills, Mich. / Detroit Country Day","Bloomfield Hills, Mich. / Detroit Country Day","Bloomfield Hills, Mich. / Detroit Country Day",Name,Hometown / High School,Hometown / High School,Hometown / High School,football,northwestern
37,Jeremy Larkin,"Cincinnati, Ohio / La Salle","Cincinnati, Ohio / La Salle","Cincinnati, Ohio / La Salle",Name,Hometown / High School,Hometown / High School,Hometown / High School,football,northwestern
38,Greg Newsome II,"Chicago, Ill. / IMG Academy (Fla.)","Chicago, Ill. / IMG Academy (Fla.)","Chicago, Ill. / IMG Academy (Fla.)",Name,Hometown / High School,Hometown / High School,Hometown / High School,football,northwestern
39,Jaylen Rivers,"Decatur, Ga. / Grayson","Decatur, Ga. / Grayson","Decatur, Ga. / Grayson",Name,Hometown / High School,Hometown / High School,Hometown / High School,football,northwestern
40,Nate Hall,"Toledo, Ohio / Southview","Toledo, Ohio / Southview","Toledo, Ohio / Southview",Name,Hometown / High School,Hometown / High School,Hometown / High School,football,northwestern
41,Grayson Mann,"Fort Worth, Texas / Fort Worth All Saints","Fort Worth, Texas / Fort Worth All Saints","Fort Worth, Texas / Fort Worth All Saints",Name,Hometown / High School,Hometown / High School,Hometown / High School,football,northwestern
42,Chee Anyanwu,"Buford, Ga. / Buford","Buford, Ga. / Buford","Buford, Ga. / Buford",Name,Hometown / High School,Hometown / High School,Hometown / High School,football,northwestern
43,Erik Mueller,"Wheaton, Ill. / Wheaton North","Wheaton, Ill. / Wheaton North","Wheaton, Ill. / Wheaton North",Name,Hometown / High School,Hometown / High School,Hometown / High School,football,northwestern
44,Jesse Brown,"Lilburn, Ga. / Brookwood","Lilburn, Ga. / Brookwood","Lilburn, Ga. / Brookwood",Name,Hometown / High School,Hometown / High School,Hometown / High School,football,northwestern
45,Cody Gronewold,"Lincoln, Neb. / Northeast","Lincoln, Neb. / Northeast","Lincoln, Neb. / Northeast",Name,Hometown / High School,Hometown / High School,Hometown / High School,football,northwestern
46,Donovan Sermons,"Pomona, Calif. / Damien","Pomona, Calif. / Damien","Pomona, Calif. / Damien",Name,Hometown / High School,Hometown / High School,Hometown / High School,football,northwestern
47,Drew Luckenbaugh,"Spring Grove, Pa. / Spring Grove","Spring Grove, Pa. / Spring Grove","Spring Grove, Pa. / Spring Grove",Name,Hometown / High School,Hometown / High School,Hometown / High School,football,northwestern
48,Peter McIntyre,"Perrysburg, Ohio / Saint Johns' Jesuit","Perrysburg, Ohio / Saint Johns' Jesuit","Perrysburg, Ohio / Saint Johns' Jesuit",Name,Hometown / High School,Hometown / High School,Hometown / High School,football,northwestern
49,Jared McGee,"Mansfield, Texas / Mansfield Legacy","Mansfield, Texas / Mansfield Legacy","Mansfield, Texas / Mansfield Legacy",Name,Hometown / High School,Hometown / High School,Hometown / High School,football,northwestern
50,Paddy Fisher,"Katy, Texas / Katy","Katy, Texas / Katy","Katy, Texas / Katy",Name,Hometown / High School,Hometown / High School,Hometown / High School,football,northwestern
51,Tyler Gillikin,"Atlanta, Ga. / Westminster","Atlanta, Ga. / Westminster","Atlanta, Ga. / Westminster",Name,Hometown / High School,Hometown / High School,Hometown / High School,football,northwestern
52,Khalid Jones,"Greenville, S.C. / Byrnes","Greenville, S.C. / Byrnes","Greenville, S.C. / Byrnes",Name,Hometown / High School,Hometown / High School,Hometown / High School,football,northwestern
53,James Prather,"Memphis, Tenn. / Memphis University School","Memphis, Tenn. / Memphis University School","Memphis, Tenn. / Memphis University School",Name,Hometown / High School,Hometown / High School,Hometown / High School,football,northwestern
54,Nathan Fox,"Houston, Texas / Clear Lake","Houston, Texas / Clear Lake","Houston, Texas / Clear Lake",Name,Hometown / High School,Hometown / High School,Hometown / High School,football,northwestern
55,Troy Hudetz,"Naperville, Ill. / Naperville Central","Naperville, Ill. / Naperville Central","Naperville, Ill. / Naperville Central",Name,Hometown / High School,Hometown / High School,Hometown / High School,football,northwestern
56,Devin O'Rourke,"Mokena, Ill. / Lincoln Way East","Mokena, Ill. / Lincoln Way East","Mokena, Ill. / Lincoln Way East",Name,Hometown / High School,Hometown / High School,Hometown / High School,football,northwestern
57,Joe Bergin,"Bloomfield Hills, Mich. / Detroit Country Day","Bloomfield Hills, Mich. / Detroit Country Day","Bloomfield Hills, Mich. / Detroit Country Day",Name,Hometown / High School,Hometown / High School,Hometown / High School,football,northwestern
58,Brian Kaiser,"Wilmette, Ill. / New Trier","Wilmette, Ill. / New Trier","Wilmette, Ill. / New Trier",Name,Hometown / High School,Hometown / High School,Hometown / High School,football,northwestern
59,Peter Snodgrass,"Palo Alto, Calif. / Palo Alto","Palo Alto, Calif. / Palo Alto","Palo Alto, Calif. / Palo Alto",Name,Hometown / High School,Hometown / High School,Hometown / High School,football,northwestern
60,Jake Collins,"Louisville, Ky. / St. Xavier","Louisville, Ky. / St. Xavier","Louisville, Ky. / St. Xavier",Name,Hometown / High School,Hometown / High School,Hometown / High School,football,northwestern
61,Jango Glackin,"Lebanon, Ohio / IMG Academy (Fla.)","Lebanon, Ohio / IMG Academy (Fla.)","Lebanon, Ohio / IMG Academy (Fla.)",Name,Hometown / High School,Hometown / High School,Hometown / High School,football,northwestern
62,Blake Gallagher,"Raynham, Mass. / Saint Sebastian's","Raynham, Mass. / Saint Sebastian's","Raynham, Mass. / Saint Sebastian's",Name,Hometown / High School,Hometown / High School,Hometown / High School,football,northwestern
63,Sam Gerak,"Avon, Ohio / Avon","Avon, Ohio / Avon","Avon, Ohio / Avon",Name,Hometown / High School,Hometown / High School,Hometown / High School,football,northwestern
64,Andrew Leota,"Asheville, N.C. / Asheville","Asheville, N.C. / Asheville","Asheville, N.C. / Asheville",Name,Hometown / High School,Hometown / High School,Hometown / High School,football,northwestern
65,Trent Goens,"Chino Hills, Calif. / Chino Hills","Chino Hills, Calif. / Chino Hills","Chino Hills, Calif. / Chino Hills",Name,Hometown / High School,Hometown / High School,Hometown / High School,football,northwestern
66,Mark Gooden,"Reynoldsburg, Ohio / Reynoldsburg","Reynoldsburg, Ohio / Reynoldsburg","Reynoldsburg, Ohio / Reynoldsburg",Name,Hometown / High School,Hometown / High School,Hometown / High School,football,northwestern
67,Cam Kolwich,"Beverly Hills, Mich. / Orchard Lake St. Mary's","Beverly Hills, Mich. / Orchard Lake St. Mary's","Beverly Hills, Mich. / Orchard Lake St. Mary's",Name,Hometown / High School,Hometown / High School,Hometown / High School,football,northwestern
68,J.B. Butler,"Plainfield, Ill. / Joliet Catholic","Plainfield, Ill. / Joliet Catholic","Plainfield, Ill. / Joliet Catholic",Name,Hometown / High School,Hometown / High School,Hometown / High School,football,northwestern
69,Jason Goosen,"Virginia Beach, Va. / Tallwood","Virginia Beach, Va. / Tallwood","Virginia Beach, Va. / Tallwood",Name,Hometown / High School,Hometown / High School,Hometown / High School,football,northwestern
70,Jared Thomas,"Indianapolis, Ind. / Cathedral","Indianapolis, Ind. / Cathedral","Indianapolis, Ind. / Cathedral",Name,Hometown / High School,Hometown / High School,Hometown / High School,football,northwestern
71,Wyatt Blake,"Crystal Lake, Ill. / Crystal Lake Central","Crystal Lake, Ill. / Crystal Lake Central","Crystal Lake, Ill. / Crystal Lake Central",Name,Hometown / High School,Hometown / High School,Hometown / High School,football,northwestern
72,Nik Urban,"Willoughby, Ohio / Willoughby South","Willoughby, Ohio / Willoughby South","Willoughby, Ohio / Willoughby South",Name,Hometown / High School,Hometown / High School,Hometown / High School,football,northwestern
73,Willy Boatman,"Denver, Colo. / Kent Denver School","Denver, Colo. / Kent Denver School","Denver, Colo. / Kent Denver School",Name,Hometown / High School,Hometown / High School,Hometown / High School,football,northwestern
74,Charlie Schmidt,"Libertyville, Ill. / Libertyville","Libertyville, Ill. / Libertyville","Libertyville, Ill. / Libertyville",Name,Hometown / High School,Hometown / High School,Hometown / High School,football,northwestern
75,Rashawn Slater,"Sugar Land, Texas / Clements","Sugar Land, Texas / Clements","Sugar Land, Texas / Clements",Name,Hometown / High School,Hometown / High School,Hometown / High School,football,northwestern
76,Tommy Doles,"Grand Rapids, Mich. / Grand Rapids Christian","Grand Rapids, Mich. / Grand Rapids Christian","Grand Rapids, Mich. / Grand Rapids Christian",Name,Hometown / High School,Hometown / High School,Hometown / High School,football,northwestern
77,Blake Hance,"Jacksonville, Ill. / Jacksonville","Jacksonville, Ill. / Jacksonville","Jacksonville, Ill. / Jacksonville",Name,Hometown / High School,Hometown / High School,Hometown / High School,football,northwestern
78,Gunnar Vogel,"Columbus, Ohio / Westerville South","Columbus, Ohio / Westerville South","Columbus, Ohio / Westerville South",Name,Hometown / High School,Hometown / High School,Hometown / High School,football,northwestern
79,Payne He'Bert,"Pearland, Texas / Dawson","Pearland, Texas / Dawson","Pearland, Texas / Dawson",Name,Hometown / High School,Hometown / High School,Hometown / High School,football,northwestern
80,Ben Oxley,"Avon Lake, Ohio / Avon Lake","Avon Lake, Ohio / Avon Lake","Avon Lake, Ohio / Avon Lake",Name,Hometown / High School,Hometown / High School,Hometown / High School,football,northwestern
81,Ethan Wiederkehr,"Wading River, N.Y. / Shoreham-Wading River","Wading River, N.Y. / Shoreham-Wading River","Wading River, N.Y. / Shoreham-Wading River",Name,Hometown / High School,Hometown / High School,Hometown / High School,football,northwestern
82,Jesse Meyler,"Toronto, Ontario / Episcopal (Va.)","Toronto, Ontario / Episcopal (Va.)","Toronto, Ontario / Episcopal (Va.)",Name,Hometown / High School,Hometown / High School,Hometown / High School,football,northwestern
83,Sam Stovall,"Chattanooga, Tenn. / Notre Dame High School","Chattanooga, Tenn. / Notre Dame High School","Chattanooga, Tenn. / Notre Dame High School",Name,Hometown / High School,Hometown / High School,Hometown / High School,football,northwestern
84,Trey Klock,"Hummelstown, Pa. / Lower Dauphin","Hummelstown, Pa. / Lower Dauphin","Hummelstown, Pa. / Lower Dauphin",Name,Hometown / High School,Hometown / High School,Hometown / High School,football,northwestern
85,Trey Pugh,"Plain City, Ohio / Jonathan Adler","Plain City, Ohio / Jonathan Adler","Plain City, Ohio / Jonathan Adler",Name,Hometown / High School,Hometown / High School,Hometown / High School,football,northwestern
86,Ramaud Chiaokhiao-Bowman,"Minneapolis, Minn. / Breck","Minneapolis, Minn. / Breck","Minneapolis, Minn. / Breck",Name,Hometown / High School,Hometown / High School,Hometown / High School,football,northwestern
87,Alex Oelsner,"Niwot, Colo. / Niwot","Niwot, Colo. / Niwot","Niwot, Colo. / Niwot",Name,Hometown / High School,Hometown / High School,Hometown / High School,football,northwestern
88,Will Lansbury,"Pebble Beach, Calif. / Stevenson","Pebble Beach, Calif. / Stevenson","Pebble Beach, Calif. / Stevenson",Name,Hometown / High School,Hometown / High School,Hometown / High School,football,northwestern
89,Cameron Green,"Buffalo Grove, Ill. / Stevenson","Buffalo Grove, Ill. / Stevenson","Buffalo Grove, Ill. / Stevenson",Name,Hometown / High School,Hometown / High School,Hometown / High School,football,northwestern
90,Jackson Tirmonia,"Canton, Ohio / Jackson","Canton, Ohio / Jackson","Canton, Ohio / Jackson",Name,Hometown / High School,Hometown / High School,Hometown / High School,football,northwestern
91,Cody Link,"Madison, Wis. / Edgewood","Madison, Wis. / Edgewood","Madison, Wis. / Edgewood",Name,Hometown / High School,Hometown / High School,Hometown / High School,football,northwestern
92,Raymond Niro III,"Barrington, Ill. / Barrington","Barrington, Ill. / Barrington","Barrington, Ill. / Barrington",Name,Hometown / High School,Hometown / High School,Hometown / High School,football,northwestern
93,Eric Eshoo,"Chicago, Ill. / Loyola Academy","Chicago, Ill. / Loyola Academy","Chicago, Ill. / Loyola Academy",Name,Hometown / High School,Hometown / High School,Hometown / High School,football,northwestern
94,Bennett Skowronek,"Fort Wayne, Ind. / Homestead","Fort Wayne, Ind. / Homestead","Fort Wayne, Ind. / Homestead",Name,Hometown / High School,Hometown / High School,Hometown / High School,football,northwestern
95,Charlie Mangieri,"Peoria, Ill. / Dunlap","Peoria, Ill. / Dunlap","Peoria, Ill. / Dunlap",Name,Hometown / High School,Hometown / High School,Hometown / High School,football,northwestern
96,Jake Saunders,"Loveland, Ohio / Loveland","Loveland, Ohio / Loveland","Loveland, Ohio / Loveland",Name,Hometown / High School,Hometown / High School,Hometown / High School,football,northwestern
97,Samdup Miller,"Houston, Texas / Stratford","Houston, Texas / Stratford","Houston, Texas / Stratford",Name,Hometown / High School,Hometown / High School,Hometown / High School,football,northwestern
98,Fred Wyatt,"Lawrence, Kan. / Free State","Lawrence, Kan. / Free State","Lawrence, Kan. / Free State",Name,Hometown / High School,Hometown / High School,Hometown / High School,football,northwestern
99,Joe Spivak,"Darien, Ill. / Montini Catholic","Darien, Ill. / Montini Catholic","Darien, Ill. / Montini Catholic",Name,Hometown / High School,Hometown / High School,Hometown / High School,football,northwestern
100,Tommy Carnifax,"Warren, Ohio / Howland","Warren, Ohio / Howland","Warren, Ohio / Howland",Name,Hometown / High School,Hometown / High School,Hometown / High School,football,northwestern
101,Alex Miller,"Houston, Texas / Stratford","Houston, Texas / Stratford","Houston, Texas / Stratford",Name,Hometown / High School,Hometown / High School,Hometown / High School,football,northwestern
102,Trevor Kent,"Pittsburg, Kan. / Pittsburg","Pittsburg, Kan. / Pittsburg","Pittsburg, Kan. / Pittsburg",Name,Hometown / High School,Hometown / High School,Hometown / High School,football,northwestern
103,Joe Gaziano,"Scituate, Mass. / Xaverian Brothers","Scituate, Mass. / Xaverian Brothers","Scituate, Mass. / Xaverian Brothers",Name,Hometown / High School,Hometown / High School,Hometown / High School,football,northwestern
104,Earnest Brown IV,"Aubrey, Texas / Billy Ryan","Aubrey, Texas / Billy Ryan","Aubrey, Texas / Billy Ryan",Name,Hometown / High School,Hometown / High School,Hometown / High School,football,northwestern
105,Jordan Thompson,"Cincinnati, Ohio / LaSalle","Cincinnati, Ohio / LaSalle","Cincinnati, Ohio / LaSalle",Name,Hometown / High School,Hometown / High School,Hometown / High School,football,northwestern
0,Miha Miskovic,"Zemun, Serbia / Ridgewood","Zemun, Serbia / Ridgewood","Zemun, Serbia / Ridgewood",Name,Hometown / High School,Hometown / High School,Hometown / High School,mens soccer,northwestern
1,Robbie White,"Glen Ellyn, Ill. / Glenbard West","Glen Ellyn, Ill. / Glenbard West","Glen Ellyn, Ill. / Glenbard West",Name,Hometown / High School,Hometown / High School,Hometown / High School,mens soccer,northwestern
2,Francisco Tomasino,"Miami, Fla / Ransom Everglades","Miami, Fla / Ransom Everglades","Miami, Fla / Ransom Everglades",Name,Hometown / High School,Hometown / High School,Hometown / High School,mens soccer,northwestern
3,Andrew McLeod,"Overland Park, Kan. / Blue Valley North","Overland Park, Kan. / Blue Valley North","Overland Park, Kan. / Blue Valley North",Name,Hometown / High School,Hometown / High School,Hometown / High School,mens soccer,northwestern
4,Garrett Opperman,"Minneapolis, Minn. / Breck School","Minneapolis, Minn. / Breck School","Minneapolis, Minn. / Breck School",Name,Hometown / High School,Hometown / High School,Hometown / High School,mens soccer,northwestern
5,Camden Buescher,"Toledo, Ohio / St. John's Jesuit","Toledo, Ohio / St. John's Jesuit","Toledo, Ohio / St. John's Jesuit",Name,Hometown / High School,Hometown / High School,Hometown / High School,mens soccer,northwestern
6,Riley Kelliher,"Wellington, New Zealand / Mount Albert Grammar School","Wellington, New Zealand / Mount Albert Grammar School","Wellington, New Zealand / Mount Albert Grammar School",Name,Hometown / High School,Hometown / High School,Hometown / High School,mens soccer,northwestern
7,Mac Mazzola,"Chagrin Falls, Ohio / Chagrin Falls","Chagrin Falls, Ohio / Chagrin Falls","Chagrin Falls, Ohio / Chagrin Falls",Name,Hometown / High School,Hometown / High School,Hometown / High School,mens soccer,northwestern
8,Elo Ozumba,"Houston, Texas / Strake Jesuit College Prep","Houston, Texas / Strake Jesuit College Prep","Houston, Texas / Strake Jesuit College Prep",Name,Hometown / High School,Hometown / High School,Hometown / High School,mens soccer,northwestern
9,Tommy Katsiyiannis,"Eden Prairie, Minn. / Eden Prairie","Eden Prairie, Minn. / Eden Prairie","Eden Prairie, Minn. / Eden Prairie",Name,Hometown / High School,Hometown / High School,Hometown / High School,mens soccer,northwestern
10,Jake Roberge,"Murrysville, Pa. / Franklin Regional","Murrysville, Pa. / Franklin Regional","Murrysville, Pa. / Franklin Regional",Name,Hometown / High School,Hometown / High School,Hometown / High School,mens soccer,northwestern
11,Shannon Seymour,"Bourbonnais, Ill / Bradley-Bourbonnais Community","Bourbonnais, Ill / Bradley-Bourbonnais Community","Bourbonnais, Ill / Bradley-Bourbonnais Community",Name,Hometown / High School,Hometown / High School,Hometown / High School,mens soccer,northwestern
12,Max Silberg,"Pittsburgh, Penn. / Kiski Prep","Pittsburgh, Penn. / Kiski Prep","Pittsburgh, Penn. / Kiski Prep",Name,Hometown / High School,Hometown / High School,Hometown / High School,mens soccer,northwestern
13,Matt Moderwell,"Lake Forest, Ill. / Lake Forest","Lake Forest, Ill. / Lake Forest","Lake Forest, Ill. / Lake Forest",Name,Hometown / High School,Hometown / High School,Hometown / High School,mens soccer,northwestern
14,Rouven Wahlfeldt,"Velbert, Germany / (UNC-Greensboro)","Velbert, Germany / (UNC-Greensboro)","Velbert, Germany / (UNC-Greensboro)",Name,Hometown / High School,Hometown / High School,Hometown / High School,mens soccer,northwestern
15,Mattias Tomasino,"Miami, Fla. / Christopher Columbus","Miami, Fla. / Christopher Columbus","Miami, Fla. / Christopher Columbus",Name,Hometown / High School,Hometown / High School,Hometown / High School,mens soccer,northwestern
16,Sean Lynch,"Naperville, Ill. / Waubonsie Valley","Naperville, Ill. / Waubonsie Valley","Naperville, Ill. / Waubonsie Valley",Name,Hometown / High School,Hometown / High School,Hometown / High School,mens soccer,northwestern
17,Drew Viscomi,"Lookout Mountain, Tenn. / McCallie School","Lookout Mountain, Tenn. / McCallie School","Lookout Mountain, Tenn. / McCallie School",Name,Hometown / High School,Hometown / High School,Hometown / High School,mens soccer,northwestern
18,Ty Seager,"West Chicago, Ill. / Wheaton Academy","West Chicago, Ill. / Wheaton Academy","West Chicago, Ill. / Wheaton Academy",Name,Hometown / High School,Hometown / High School,Hometown / High School,mens soccer,northwestern
19,John Moderwell,"Lake Forest, Ill. / Lake Forest","Lake Forest, Ill. / Lake Forest","Lake Forest, Ill. / Lake Forest",Name,Hometown / High School,Hometown / High School,Hometown / High School,mens soccer,northwestern
20,Emmett Gordon,"Brookline, Mass. / Belmont Hill School","Brookline, Mass. / Belmont Hill School","Brookline, Mass. / Belmont Hill School",Name,Hometown / High School,Hometown / High School,Hometown / High School,mens soccer,northwestern
21,Spencer Howard,"Pacific Palisades, Calif. / Palisades Charter","Pacific Palisades, Calif. / Palisades Charter","Pacific Palisades, Calif. / Palisades Charter",Name,Hometown / High School,Hometown / High School,Hometown / High School,mens soccer,northwestern
22,Alex Reneau,"Glenview, Ill. / Laurel Springs School","Glenview, Ill. / Laurel Springs School","Glenview, Ill. / Laurel Springs School",Name,Hometown / High School,Hometown / High School,Hometown / High School,mens soccer,northwestern
23,Cameron Mardan,"Irvine, Calif. / Northwood","Irvine, Calif. / Northwood","Irvine, Calif. / Northwood",Name,Hometown / High School,Hometown / High School,Hometown / High School,mens soccer,northwestern
24,Ben Miller,"Woodbury, Minn. / Woodbury","Woodbury, Minn. / Woodbury","Woodbury, Minn. / Woodbury",Name,Hometown / High School,Hometown / High School,Hometown / High School,mens soccer,northwestern
25,Braden Thuraisingham,"Parkland, Fla. / Los Osos","Parkland, Fla. / Los Osos","Parkland, Fla. / Los Osos",Name,Hometown / High School,Hometown / High School,Hometown / High School,mens soccer,northwestern
0,Molly Lansford,"Carrolton, Texas / Hebron","Carrolton, Texas / Hebron","Carrolton, Texas / Hebron",Name,Hometown / High School,Hometown / High School,Hometown / High School,womens soccer,northwestern
1,Lauren Clem,"Stevensville, Mich. / Lakeshore","Stevensville, Mich. / Lakeshore","Stevensville, Mich. / Lakeshore",Name,Hometown / High School,Hometown / High School,Hometown / High School,womens soccer,northwestern
2,Maddy Lucas,"Plymouth, Mich. / Canton","Plymouth, Mich. / Canton","Plymouth, Mich. / Canton",Name,Hometown / High School,Hometown / High School,Hometown / High School,womens soccer,northwestern
3,Simmrin Dhaliwal,"Surrey, British Columbia, Canada / Panorama Ridge Secondary","Surrey, British Columbia, Canada / Panorama Ridge Secondary","Surrey, British Columbia, Canada / Panorama Ridge Secondary",Name,Hometown / High School,Hometown / High School,Hometown / High School,womens soccer,northwestern
4,Regan Steigleder,"Iowa City, Iowa / Iowa City West","Iowa City, Iowa / Iowa City West","Iowa City, Iowa / Iowa City West",Name,Hometown / High School,Hometown / High School,Hometown / High School,womens soccer,northwestern
5,Mackenzie Howe,"Los Angeles, Calif. / Harvard-Westlake","Los Angeles, Calif. / Harvard-Westlake","Los Angeles, Calif. / Harvard-Westlake",Name,Hometown / High School,Hometown / High School,Hometown / High School,womens soccer,northwestern
6,Kassidy Gorman,"Rancho Santa Margarita, Calif. / Santa Margarita Catholic","Rancho Santa Margarita, Calif. / Santa Margarita Catholic","Rancho Santa Margarita, Calif. / Santa Margarita Catholic",Name,Hometown / High School,Hometown / High School,Hometown / High School,womens soccer,northwestern
7,Michele Chernesky,"Wauconda, Ill. / Mundelein","Wauconda, Ill. / Mundelein","Wauconda, Ill. / Mundelein",Name,Hometown / High School,Hometown / High School,Hometown / High School,womens soccer,northwestern
8,Abby Dein,"Glenview, Ill. / Glenbrook South","Glenview, Ill. / Glenbrook South","Glenview, Ill. / Glenbrook South",Name,Hometown / High School,Hometown / High School,Hometown / High School,womens soccer,northwestern
9,Kayleigh Stahlschmidt,"St. Charles, Mo. / Visitation Academy","St. Charles, Mo. / Visitation Academy","St. Charles, Mo. / Visitation Academy",Name,Hometown / High School,Hometown / High School,Hometown / High School,womens soccer,northwestern
10,Maria Fayeulle,"Niwot, Colo. / Niwot","Niwot, Colo. / Niwot","Niwot, Colo. / Niwot",Name,Hometown / High School,Hometown / High School,Hometown / High School,womens soccer,northwestern
11,Nia Harris,"Covina, Calif. / Flintridge Sacred Heart","Covina, Calif. / Flintridge Sacred Heart","Covina, Calif. / Flintridge Sacred Heart",Name,Hometown / High School,Hometown / High School,Hometown / High School,womens soccer,northwestern
12,Marisa Viggiano,"Macomb Township, Mich. / Macomb Dakota","Macomb Township, Mich. / Macomb Dakota","Macomb Township, Mich. / Macomb Dakota",Name,Hometown / High School,Hometown / High School,Hometown / High School,womens soccer,northwestern
13,Jenny Haskel,"Basking Ridge, N.J. / Ridge","Basking Ridge, N.J. / Ridge","Basking Ridge, N.J. / Ridge",Name,Hometown / High School,Hometown / High School,Hometown / High School,womens soccer,northwestern
14,Mikayla Hampton,"Cincinnati, Ohio / Wyoming","Cincinnati, Ohio / Wyoming","Cincinnati, Ohio / Wyoming",Name,Hometown / High School,Hometown / High School,Hometown / High School,womens soccer,northwestern
15,Kim Jerantowski,"Lemont, Ill. / Lemont","Lemont, Ill. / Lemont","Lemont, Ill. / Lemont",Name,Hometown / High School,Hometown / High School,Hometown / High School,womens soccer,northwestern
16,Nikia Smith,"Bolingbrook, Ill. / Bolingbrook","Bolingbrook, Ill. / Bolingbrook","Bolingbrook, Ill. / Bolingbrook",Name,Hometown / High School,Hometown / High School,Hometown / High School,womens soccer,northwestern
17,Madi Kennel,"Redondo Beach, Calif. / Redondo Union","Redondo Beach, Calif. / Redondo Union","Redondo Beach, Calif. / Redondo Union",Name,Hometown / High School,Hometown / High School,Hometown / High School,womens soccer,northwestern
18,Brenna Lovera,"Milford, Mich. / Milford","Milford, Mich. / Milford","Milford, Mich. / Milford",Name,Hometown / High School,Hometown / High School,Hometown / High School,womens soccer,northwestern
19,Hannah Davison,"Geneva, Ill. / Geneva Community H.S.","Geneva, Ill. / Geneva Community H.S.","Geneva, Ill. / Geneva Community H.S.",Name,Hometown / High School,Hometown / High School,Hometown / High School,womens soccer,northwestern
20,Kylie Fisher,"Scottsdale, Ariz. / Chaparral","Scottsdale, Ariz. / Chaparral","Scottsdale, Ariz. / Chaparral",Name,Hometown / High School,Hometown / High School,Hometown / High School,womens soccer,northwestern
21,Kayla Sharples,"Naperville, Ill. / Naperville North","Naperville, Ill. / Naperville North","Naperville, Ill. / Naperville North",Name,Hometown / High School,Hometown / High School,Hometown / High School,womens soccer,northwestern
22,McKenna Angotti,"Los Altos Hills, Calif. / Sacred Heart Prep","Los Altos Hills, Calif. / Sacred Heart Prep","Los Altos Hills, Calif. / Sacred Heart Prep",Name,Hometown / High School,Hometown / High School,Hometown / High School,womens soccer,northwestern
23,Olivia Korhonen,"Bethesda, Md. / Maret School","Bethesda, Md. / Maret School","Bethesda, Md. / Maret School",Name,Hometown / High School,Hometown / High School,Hometown / High School,womens soccer,northwestern
24,Grace Orndorff,"Naperville, Ill. / Naperville Central","Naperville, Ill. / Naperville Central","Naperville, Ill. / Naperville Central",Name,Hometown / High School,Hometown / High School,Hometown / High School,womens soccer,northwestern
25,Aspyn Repp,"Lake Bluff, Ill. / Loyola Academy","Lake Bluff, Ill. / Loyola Academy","Lake Bluff, Ill. / Loyola Academy",Name,Hometown / High School,Hometown / High School,Hometown / High School,womens soccer,northwestern
0,Haley Albers,"Downers Grove, Ill.",Downers Grove South,Downers Grove South,Name,Hometown,High School,High School,womens cross country,northwestern
1,Sara Coffey,"Whitefish Bay, Wis.",Whitefish Bay,Whitefish Bay,Name,Hometown,High School,High School,womens cross country,northwestern
2,Ishwari Dasgupta,"New Delhi, India",Vassant Valley School,Vassant Valley School,Name,Hometown,High School,High School,womens cross country,northwestern
3,Amanda Davis,"Phoenix, Ariz.",Desert Vista,Desert Vista,Name,Hometown,High School,High School,womens cross country,northwestern
4,Grace Kelly,"Cincinnati, Ohio",Ursuline Academy,Ursuline Academy,Name,Hometown,High School,High School,womens cross country,northwestern
5,Ashley Ko,"Traverse City, Mich.",Traverse City Central,Traverse City Central,Name,Hometown,High School,High School,womens cross country,northwestern
6,Sarah Nicholson,"Wildwood, Mo.",Lafayette,Lafayette,Name,Hometown,High School,High School,womens cross country,northwestern
7,Kelly O'Brien,"Palatine, Ill.",Palatine,Palatine,Name,Hometown,High School,High School,womens cross country,northwestern
8,Mary Orders,"Moraga, Calif.",Campolindo,Campolindo,Name,Hometown,High School,High School,womens cross country,northwestern
9,Andrea Ostenso,"Ladysmith, Wis.",Ladysmith,Ladysmith,Name,Hometown,High School,High School,womens cross country,northwestern
10,Brooke Pigneri,"Laguna Niguel, Calif.",Santa Margarita Catholic,Santa Margarita Catholic,Name,Hometown,High School,High School,womens cross country,northwestern
11,Aubrey Roberts,"Eau Claire, Wis.",Memorial,Memorial,Name,Hometown,High School,High School,womens cross country,northwestern
12,Isabel Seidel,"Nashotah, Wis.",University Lake,University Lake,Name,Hometown,High School,High School,womens cross country,northwestern
13,Hannah Tobin,"Lake Forest, Calif.",El Toro,El Toro,Name,Hometown,High School,High School,womens cross country,northwestern
14,Mackenzie Wilson,"St Augustine, Fla.",The Bolles School,The Bolles School,Name,Hometown,High School,High School,womens cross country,northwestern
0,Yannick Artigolle,Hong Kong / Loretto School (Scotland),Hong Kong / Loretto School (Scotland),Hong Kong / Loretto School (Scotland),Name,Hometown / High School,Hometown / High School,Hometown / High School,mens golf,northwestern
1,Lucas Becht,"Brussels, Belgium / Wellington College (England)","Brussels, Belgium / Wellington College (England)","Brussels, Belgium / Wellington College (England)",Name,Hometown / High School,Hometown / High School,Hometown / High School,mens golf,northwestern
2,Pete Griffith,"Westlake Village, Calif. / Oaks Christian","Westlake Village, Calif. / Oaks Christian","Westlake Village, Calif. / Oaks Christian",Name,Hometown / High School,Hometown / High School,Hometown / High School,mens golf,northwestern
3,Everton Hawkins,"Irvine, Calif. / Beckman","Irvine, Calif. / Beckman","Irvine, Calif. / Beckman",Name,Hometown / High School,Hometown / High School,Hometown / High School,mens golf,northwestern
4,Ryan Lumsden,"London, England / Wellington College","London, England / Wellington College","London, England / Wellington College",Name,Hometown / High School,Hometown / High School,Hometown / High School,mens golf,northwestern
5,Eric McIntosh,"Edinburgh, Scotland / Stewart's Melville College","Edinburgh, Scotland / Stewart's Melville College","Edinburgh, Scotland / Stewart's Melville College",Name,Hometown / High School,Hometown / High School,Hometown / High School,mens golf,northwestern
6,Harrison Murphy,"McKinney, Texas / McKinney Boyd","McKinney, Texas / McKinney Boyd","McKinney, Texas / McKinney Boyd",Name,Hometown / High School,Hometown / High School,Hometown / High School,mens golf,northwestern
7,David Nyfjll,"Uppsala, Sweden / Celsiusskolan","Uppsala, Sweden / Celsiusskolan","Uppsala, Sweden / Celsiusskolan",Name,Hometown / High School,Hometown / High School,Hometown / High School,mens golf,northwestern
0,Sarah Cho,"San Diego, Calif. / Torrey Pines","San Diego, Calif. / Torrey Pines","San Diego, Calif. / Torrey Pines",Name,Hometown / High School,Hometown / High School,Hometown / High School,womens golf,northwestern
1,MacKenzie Hawkes,"Madison, Conn. / Westminster School","Madison, Conn. / Westminster School","Madison, Conn. / Westminster School",Name,Hometown / High School,Hometown / High School,Hometown / High School,womens golf,northwestern
2,Hannah Kim,"Chula Vista, Calif. / Otay Ranch","Chula Vista, Calif. / Otay Ranch","Chula Vista, Calif. / Otay Ranch",Name,Hometown / High School,Hometown / High School,Hometown / High School,womens golf,northwestern
3,Stephanie Lau,"Fullerton, Calif. / Valley Christian","Fullerton, Calif. / Valley Christian","Fullerton, Calif. / Valley Christian",Name,Hometown / High School,Hometown / High School,Hometown / High School,womens golf,northwestern
4,Janet Mao,"Johns Creek, Ga. / Johns Creek","Johns Creek, Ga. / Johns Creek","Johns Creek, Ga. / Johns Creek",Name,Hometown / High School,Hometown / High School,Hometown / High School,womens golf,northwestern
5,Monica Matsubara,"Singapore, Singapore / Singapore American School","Singapore, Singapore / Singapore American School","Singapore, Singapore / Singapore American School",Name,Hometown / High School,Hometown / High School,Hometown / High School,womens golf,northwestern
6,Louise McCulloch,"Wilmette, Ill. / New Trier","Wilmette, Ill. / New Trier","Wilmette, Ill. / New Trier",Name,Hometown / High School,Hometown / High School,Hometown / High School,womens golf,northwestern
7,Brooke Riley,"Manteca, Calif. / East Union","Manteca, Calif. / East Union","Manteca, Calif. / East Union",Name,Hometown / High School,Hometown / High School,Hometown / High School,womens golf,northwestern
8,Julia Tournant,"Paris, France / Lyce Jean de la Fontaine","Paris, France / Lyce Jean de la Fontaine","Paris, France / Lyce Jean de la Fontaine",Name,Hometown / High School,Hometown / High School,Hometown / High School,womens golf,northwestern
0,Keegan Bundy,"Denver, Colo. / South","Denver, Colo. / South","Denver, Colo. / South",Name,Hometown/High School,Hometown/High School,Hometown/High School,mens swimming,northwestern
1,Robert Cecil,"Tampa, Fla. / Berkeley Prep","Tampa, Fla. / Berkeley Prep","Tampa, Fla. / Berkeley Prep",Name,Hometown/High School,Hometown/High School,Hometown/High School,mens swimming,northwestern
2,Jeffrey Durmer,"Atlanta, Ga. / St. Pius X","Atlanta, Ga. / St. Pius X","Atlanta, Ga. / St. Pius X",Name,Hometown/High School,Hometown/High School,Hometown/High School,mens swimming,northwestern
3,Liam Gately,"Berthoud, Colo. / Thompson Valley","Berthoud, Colo. / Thompson Valley","Berthoud, Colo. / Thompson Valley",Name,Hometown/High School,Hometown/High School,Hometown/High School,mens swimming,northwestern
4,Justin Hanson,"Newport Beach, Calif. / Corona del Mar","Newport Beach, Calif. / Corona del Mar","Newport Beach, Calif. / Corona del Mar",Name,Hometown/High School,Hometown/High School,Hometown/High School,mens swimming,northwestern
5,Will Hofstadter,"Irvine, Calif. / University High School","Irvine, Calif. / University High School","Irvine, Calif. / University High School",Name,Hometown/High School,Hometown/High School,Hometown/High School,mens swimming,northwestern
6,George Horvath,"Irvine, Calif. / University","Irvine, Calif. / University","Irvine, Calif. / University",Name,Hometown/High School,Hometown/High School,Hometown/High School,mens swimming,northwestern
7,DJ Hwang,"Honolulu, Hawaii / Kalani","Honolulu, Hawaii / Kalani","Honolulu, Hawaii / Kalani",Name,Hometown/High School,Hometown/High School,Hometown/High School,mens swimming,northwestern
8,Thanas Kountroubis,"Lansdale, Pa. / North Penn","Lansdale, Pa. / North Penn","Lansdale, Pa. / North Penn",Name,Hometown/High School,Hometown/High School,Hometown/High School,mens swimming,northwestern
9,Peter Lewczyk,"Mill Valley, Calif. / St. Ignatius","Mill Valley, Calif. / St. Ignatius","Mill Valley, Calif. / St. Ignatius",Name,Hometown/High School,Hometown/High School,Hometown/High School,mens swimming,northwestern
10,Tyler Lis,"Longmont, Colo. / Silver Creek","Longmont, Colo. / Silver Creek","Longmont, Colo. / Silver Creek",Name,Hometown/High School,Hometown/High School,Hometown/High School,mens swimming,northwestern
11,Ben Magliato,"Bethesda, Md. / Sidwell Friends School","Bethesda, Md. / Sidwell Friends School","Bethesda, Md. / Sidwell Friends School",Name,Hometown/High School,Hometown/High School,Hometown/High School,mens swimming,northwestern
12,Arjun Sharma,"Alamo, Calif. / The College Preparatory School","Alamo, Calif. / The College Preparatory School","Alamo, Calif. / The College Preparatory School",Name,Hometown/High School,Hometown/High School,Hometown/High School,mens swimming,northwestern
13,Ryan Tate,"Omaha, Neb. / Creighton Prep","Omaha, Neb. / Creighton Prep","Omaha, Neb. / Creighton Prep",Name,Hometown/High School,Hometown/High School,Hometown/High School,mens swimming,northwestern
14,Jack Thorne,"Berthoud, Colo. / Thompson Valley","Berthoud, Colo. / Thompson Valley","Berthoud, Colo. / Thompson Valley",Name,Hometown/High School,Hometown/High School,Hometown/High School,mens swimming,northwestern
15,Lyon Zhang,"Freemont, Calif. / Mission San Jose","Freemont, Calif. / Mission San Jose","Freemont, Calif. / Mission San Jose",Name,Hometown/High School,Hometown/High School,Hometown/High School,mens swimming,northwestern
0,Nicole Aarts,"Hoboken, N.J.",Convent of the Sacred Heart,Convent of the Sacred Heart,Name,Hometown,High School,High School,womens swimming,northwestern
1,Lindsay Adamski,"Hartland, Wis.",Arrowhead,Arrowhead,Name,Hometown,High School,High School,womens swimming,northwestern
2,Irune Andres,"Buffalo Grove, Ill.",Adlai E. Stevenson,Adlai E. Stevenson,Name,Hometown,High School,High School,womens swimming,northwestern
3,Sophie Angus,"Weston, Conn.",Weston,Weston,Name,Hometown,High School,High School,womens swimming,northwestern
4,Sandra Freeman,"Boulder, Colo.",Fairview,Fairview,Name,Hometown,High School,High School,womens swimming,northwestern
5,Sarah Gardner,"Holland, Mich.",Hudsonville,Hudsonville,Name,Hometown,High School,High School,womens swimming,northwestern
6,Peyton Greenberg,"Louisville, Ky.",duPont Manual,duPont Manual,Name,Hometown,High School,High School,womens swimming,northwestern
7,Alex Grimes,"Los Gatos, Calif.",Los Gatos,Los Gatos,Name,Hometown,High School,High School,womens swimming,northwestern
8,Valerie Gruest,Guatemala,Colegio Valle Verde,Colegio Valle Verde,Name,Hometown,High School,High School,womens swimming,northwestern
9,Malorie Han,"Piedmont, Calif.",Carondelet,Carondelet,Name,Hometown,High School,High School,womens swimming,northwestern
10,Emma Hruby,"Tiffin, Iowa",Clear Creek Amana,Clear Creek Amana,Name,Hometown,High School,High School,womens swimming,northwestern
11,Becky Kamau,"Nairobi, Kenya",Tudor Grange Academy (UK),Tudor Grange Academy (UK),Name,Hometown,High School,High School,womens swimming,northwestern
12,Annika Kollevoll,"McLean, Va.",Bolles School,Bolles School,Name,Hometown,High School,High School,womens swimming,northwestern
13,Krystal Lara,"Staten Island, N.Y.",Stuyvesant,Stuyvesant,Name,Hometown,High School,High School,womens swimming,northwestern
14,Ilektra Lebl,"Athens, Greece",4th Lyceum of Ilioupolis,4th Lyceum of Ilioupolis,Name,Hometown,High School,High School,womens swimming,northwestern
15,Shaunmei Lim,"Palo Alto, Calif.",Henry M. Gunn,Henry M. Gunn,Name,Hometown,High School,High School,womens swimming,northwestern
16,Melissa Melnick,"St. Louis, Mo.",Ladue Horton Watkins,Ladue Horton Watkins,Name,Hometown,High School,High School,womens swimming,northwestern
17,Janicia Ng,"Torrance, Calif.",Connections Academy,Connections Academy,Name,Hometown,High School,High School,womens swimming,northwestern
18,Olivia Rosendahl,"Los Angeles, Calif.",Immaculate Heart,Immaculate Heart,Name,Hometown,High School,High School,womens swimming,northwestern
19,Eryn Scannell,"Grand Blanc, Mich.",Grand Blanc,Grand Blanc,Name,Hometown,High School,High School,womens swimming,northwestern
20,Sophia Schott,"Bloomfield Hills, Mich.",Marian,Marian,Name,Hometown,High School,High School,womens swimming,northwestern
21,Calypso Sheridan,"Brisbane, Australia",Mount Saint Michael's College,Mount Saint Michael's College,Name,Hometown,High School,High School,womens swimming,northwestern
22,Rachel Tseng,Singapore,Anglo-Chinese School,Anglo-Chinese School,Name,Hometown,High School,High School,womens swimming,northwestern
0,Johannes Abrahamsen,"Oslo, Norway / WANG","Oslo, Norway / WANG","Oslo, Norway / WANG",Name,Hometown / High School,Hometown / High School,Hometown / High School,mens tennis,northwestern
1,Nick Brookes,"Sevenoaks, Kent, England / Millfield","Sevenoaks, Kent, England / Millfield","Sevenoaks, Kent, England / Millfield",Name,Hometown / High School,Hometown / High School,Hometown / High School,mens tennis,northwestern
2,Chris Ephron,"Pensacola, Fla. / Pensacola Catholic","Pensacola, Fla. / Pensacola Catholic","Pensacola, Fla. / Pensacola Catholic",Name,Hometown / High School,Hometown / High School,Hometown / High School,mens tennis,northwestern
3,Antonioni Fasano,"Sau Paulo, Brazil","Sau Paulo, Brazil","Sau Paulo, Brazil",Name,Hometown / High School,Hometown / High School,Hometown / High School,mens tennis,northwestern
4,AJ Joshi,"Longhill, N.J. / Laurel Springs (Calif.)","Longhill, N.J. / Laurel Springs (Calif.)","Longhill, N.J. / Laurel Springs (Calif.)",Name,Hometown / High School,Hometown / High School,Hometown / High School,mens tennis,northwestern
5,Michael Lorenzini,"Clarendon Hills, Ill. / Hinsdale Central","Clarendon Hills, Ill. / Hinsdale Central","Clarendon Hills, Ill. / Hinsdale Central",Name,Hometown / High School,Hometown / High School,Hometown / High School,mens tennis,northwestern
6,Jason Seidman,"Woodbridge, Conn. / Amity","Woodbridge, Conn. / Amity","Woodbridge, Conn. / Amity",Name,Hometown / High School,Hometown / High School,Hometown / High School,mens tennis,northwestern
7,Dominik Stary,"Pilsen, Czech Republic / Gymnasium Frantiska Krizika","Pilsen, Czech Republic / Gymnasium Frantiska Krizika","Pilsen, Czech Republic / Gymnasium Frantiska Krizika",Name,Hometown / High School,Hometown / High School,Hometown / High School,mens tennis,northwestern
8,Ben Vandixhorn,"Libertyville, Ill. / Libertyville","Libertyville, Ill. / Libertyville","Libertyville, Ill. / Libertyville",Name,Hometown / High School,Hometown / High School,Hometown / High School,mens tennis,northwestern
0,Julie Byrne,"Dublin, Ireland / Muckross Park College","Dublin, Ireland / Muckross Park College","Dublin, Ireland / Muckross Park College",Name,Hometown / High School,Hometown / High School,Hometown / High School,womens tennis,northwestern
1,Alex Chatt,"Western Springs, Ill. / Lyons Township","Western Springs, Ill. / Lyons Township","Western Springs, Ill. / Lyons Township",Name,Hometown / High School,Hometown / High School,Hometown / High School,womens tennis,northwestern
2,Rheeya Doshi,Singapore / Laurel Springs (Calif.) School,Singapore / Laurel Springs (Calif.) School,Singapore / Laurel Springs (Calif.) School,Name,Hometown / High School,Hometown / High School,Hometown / High School,womens tennis,northwestern
3,Erin Larner,"Portland, Ore. / Jesuit","Portland, Ore. / Jesuit","Portland, Ore. / Jesuit",Name,Hometown / High School,Hometown / High School,Hometown / High School,womens tennis,northwestern
4,Maddie Lipp,"Lake Forest, Ill. / Lake Forest","Lake Forest, Ill. / Lake Forest","Lake Forest, Ill. / Lake Forest",Name,Hometown / High School,Hometown / High School,Hometown / High School,womens tennis,northwestern
5,Inci Ogut,"Istanbul, Turkey / TED Istanbul","Istanbul, Turkey / TED Istanbul","Istanbul, Turkey / TED Istanbul",Name,Hometown / High School,Hometown / High School,Hometown / High School,womens tennis,northwestern
6,Lee Or,"Kfar Saba, Israel / Galili","Kfar Saba, Israel / Galili","Kfar Saba, Israel / Galili",Name,Hometown / High School,Hometown / High School,Hometown / High School,womens tennis,northwestern
7,Caroline Pozo,"St. Louis, Mo. / Lafayette","St. Louis, Mo. / Lafayette","St. Louis, Mo. / Lafayette",Name,Hometown / High School,Hometown / High School,Hometown / High School,womens tennis,northwestern
0,Erich Byelick,"Orlando, Fla. / Lake Highland Prep","Orlando, Fla. / Lake Highland Prep","Orlando, Fla. / Lake Highland Prep",Name,Hometown / High School,Hometown / High School,Hometown / High School,wrestling,northwestern
1,Zack Chakonis,"Washington Township, N.J. / Don Bosco","Washington Township, N.J. / Don Bosco","Washington Township, N.J. / Don Bosco",Name,Hometown / High School,Hometown / High School,Hometown / High School,wrestling,northwestern
2,Braxton Cody,"Houston, Texas / Episcopal","Houston, Texas / Episcopal","Houston, Texas / Episcopal",Name,Hometown / High School,Hometown / High School,Hometown / High School,wrestling,northwestern
3,Lucas Davison,"Chesterton, Ind. / Chesterton","Chesterton, Ind. / Chesterton","Chesterton, Ind. / Chesterton",Name,Hometown / High School,Hometown / High School,Hometown / High School,wrestling,northwestern
4,Ryan Deakin,"Broomfield, Colo. / Legacy","Broomfield, Colo. / Legacy","Broomfield, Colo. / Legacy",Name,Hometown / High School,Hometown / High School,Hometown / High School,wrestling,northwestern
5,Michael DeAugustino,"Palm Coast, Fla. / Flagler Palm Coast","Palm Coast, Fla. / Flagler Palm Coast","Palm Coast, Fla. / Flagler Palm Coast",Name,Hometown / High School,Hometown / High School,Hometown / High School,wrestling,northwestern
6,Jack Heyob,"Cincinnati, Ohio / St. Xavier","Cincinnati, Ohio / St. Xavier","Cincinnati, Ohio / St. Xavier",Name,Hometown / High School,Hometown / High School,Hometown / High School,wrestling,northwestern
7,Conan Jennings,"Centerville, Ohio / Centerville","Centerville, Ohio / Centerville","Centerville, Ohio / Centerville",Name,Hometown / High School,Hometown / High School,Hometown / High School,wrestling,northwestern
8,Jack Jessen,"Villa Park, Ill. / Willowbrook","Villa Park, Ill. / Willowbrook","Villa Park, Ill. / Willowbrook",Name,Hometown / High School,Hometown / High School,Hometown / High School,wrestling,northwestern
9,Micah Krueger,"Ottawa, Ill. / Ottawa","Ottawa, Ill. / Ottawa","Ottawa, Ill. / Ottawa",Name,Hometown / High School,Hometown / High School,Hometown / High School,wrestling,northwestern
10,Alec McKenna,"Winnetka, Ill. / New Trier","Winnetka, Ill. / New Trier","Winnetka, Ill. / New Trier",Name,Hometown / High School,Hometown / High School,Hometown / High School,wrestling,northwestern
11,Tyler Morland,"Brighton, Mich. / Detroit Catholic Central","Brighton, Mich. / Detroit Catholic Central","Brighton, Mich. / Detroit Catholic Central",Name,Hometown / High School,Hometown / High School,Hometown / High School,wrestling,northwestern
12,Shayne Oster,"Homer Glen, Ill. / Lockport","Homer Glen, Ill. / Lockport","Homer Glen, Ill. / Lockport",Name,Hometown / High School,Hometown / High School,Hometown / High School,wrestling,northwestern
13,Anthony Petrone,"Orlando, Fla. / Lake Highland","Orlando, Fla. / Lake Highland","Orlando, Fla. / Lake Highland",Name,Hometown / High School,Hometown / High School,Hometown / High School,wrestling,northwestern
14,Sebastian Rivera,"Jackson, N.J. / Christian Brothers Academy","Jackson, N.J. / Christian Brothers Academy","Jackson, N.J. / Christian Brothers Academy",Name,Hometown / High School,Hometown / High School,Hometown / High School,wrestling,northwestern
15,Anthony Rubinetti,"Closter, N.J. / Northern Valley Demarest","Closter, N.J. / Northern Valley Demarest","Closter, N.J. / Northern Valley Demarest",Name,Hometown / High School,Hometown / High School,Hometown / High School,wrestling,northwestern
16,Johnny Sebastian,"Ramsey, N.J. / Bergen Catholic","Ramsey, N.J. / Bergen Catholic","Ramsey, N.J. / Bergen Catholic",Name,Hometown / High School,Hometown / High School,Hometown / High School,wrestling,northwestern
17,Yahya Thomas,"Chicago, Ill. / Mount Carmel","Chicago, Ill. / Mount Carmel","Chicago, Ill. / Mount Carmel",Name,Hometown / High School,Hometown / High School,Hometown / High School,wrestling,northwestern
18,Jack Tolin,"Chesterton, Ind. / Chesterton","Chesterton, Ind. / Chesterton","Chesterton, Ind. / Chesterton",Name,Hometown / High School,Hometown / High School,Hometown / High School,wrestling,northwestern
19,Dylan Utterback,"Deerfield, Ill. / Deerfield","Deerfield, Ill. / Deerfield","Deerfield, Ill. / Deerfield",Name,Hometown / High School,Hometown / High School,Hometown / High School,wrestling,northwestern
20,Colin Valdiviez,"Lee's Summit, Mo. / Rockhurst","Lee's Summit, Mo. / Rockhurst","Lee's Summit, Mo. / Rockhurst",Name,Hometown / High School,Hometown / High School,Hometown / High School,wrestling,northwestern
21,Matt Vinci,"San Diego, Calif. / Cathedral Catholic","San Diego, Calif. / Cathedral Catholic","San Diego, Calif. / Cathedral Catholic",Name,Hometown / High School,Hometown / High School,Hometown / High School,wrestling,northwestern
22,Eric Yang,"Fremont, Calif. / Mission San Jose","Fremont, Calif. / Mission San Jose","Fremont, Calif. / Mission San Jose",Name,Hometown / High School,Hometown / High School,Hometown / High School,wrestling,northwestern
0,Lakin Barry,"Chapel Hill, N.C.",Durham Academy,Durham Academy,Name,Hometown,High School,High School,womens field hockey,northwestern
1,Erica Hootstein,"Wayland, Mass.",Winsor School,Winsor School,Name,Hometown,High School,High School,womens field hockey,northwestern
2,Saar de Breij,"Utrecht, The Netherlands",Christelijk Gymnasium Utrecht,Christelijk Gymnasium Utrecht,Name,Hometown,High School,High School,womens field hockey,northwestern
3,Sabrina Solomen,"Medford, N.J.",Shawnee,Shawnee,Name,Hometown,High School,High School,womens field hockey,northwestern
4,Charlotte Vaziri,"New Albany, Ohio",The Hill School,The Hill School,Name,Hometown,High School,High School,womens field hockey,northwestern
5,Katie Esselman,"Louisville, Ky.",Sacred Heart Academy,Sacred Heart Academy,Name,Hometown,High School,High School,womens field hockey,northwestern
6,Lily Gandhi,"London, England",Ashmole Academy,Ashmole Academy,Name,Hometown,High School,High School,womens field hockey,northwestern
7,Kaitlin Wood,"Weston, Mass.",Rivers School,Rivers School,Name,Hometown,High School,High School,womens field hockey,northwestern
8,Kirsten Mansfield,"West Chester, Pa.",Academy of Notre Dame,Academy of Notre Dame,Name,Hometown,High School,High School,womens field hockey,northwestern
9,Christen Conley,"Oak Park, Ill.",Oak Park and River Forest,Oak Park and River Forest,Name,Hometown,High School,High School,womens field hockey,northwestern
10,Lucy Waterhouse,"Brisbane, Australia",St. Margaret's Anglican Girls School,St. Margaret's Anglican Girls School,Name,Hometown,High School,High School,womens field hockey,northwestern
11,Lily Katzman,"St. Louis, Mo.",John Burroughs School,John Burroughs School,Name,Hometown,High School,High School,womens field hockey,northwestern
12,Puck Pentenga,"Ede, The Netherlands",Marnix College,Marnix College,Name,Hometown,High School,High School,womens field hockey,northwestern
13,Eva van Agt,"Heilig Landstichting, The Netherlands",Stedelijk Gymnasium Nijmegen,Stedelijk Gymnasium Nijmegen,Name,Hometown,High School,High School,womens field hockey,northwestern
14,Annie Kalfas,"Camp Hill, Pa.",Camp Hill,Camp Hill,Name,Hometown,High School,High School,womens field hockey,northwestern
15,Mackenzie Keegan,"Delran, N.J.",Eastern Regional,Eastern Regional,Name,Hometown,High School,High School,womens field hockey,northwestern
16,Florien Marcussen,"Soest, The Netherlands",Het Baarnsch Lyceum,Het Baarnsch Lyceum,Name,Hometown,High School,High School,womens field hockey,northwestern
17,Caroline Hughes,"Houston, Texas",Houston Christian,Houston Christian,Name,Hometown,High School,High School,womens field hockey,northwestern
0,Mac Dunlap,"Crown Point, Ind.",Crown Point,Crown Point,Name,Hometown,High School,High School,softball,northwestern
1,Lauren Dvorak,"San Diego, Calif.",La Jolla Country Day,La Jolla Country Day,Name,Hometown,High School,High School,softball,northwestern
2,Maeve Nelson,"River Forest, Ill.",Oak Park River Forest,Oak Park River Forest,Name,Hometown,High School,High School,softball,northwestern
3,Morgan Nelson,"Scottsdale, Ariz.",Scottsdale Prep Academy,Scottsdale Prep Academy,Name,Hometown,High School,High School,softball,northwestern
4,Skyler Shellmyer,"Urbandale, Iowa",Urbandale,Urbandale,Name,Hometown,High School,High School,softball,northwestern
5,Lily Novak,"Winnetka, Ill.",New Trier,New Trier,Name,Hometown,High School,High School,softball,northwestern
6,Rachel Lewis,"Liberty Township, Ohio",Lakota East,Lakota East,Name,Hometown,High School,High School,softball,northwestern
7,Lauren Caldrone,"Mt. Prospect, Ill.",Prospect,Prospect,Name,Hometown,High School,High School,softball,northwestern
8,Eva Stees,"Chicago, Ill.",Lane Tech,Lane Tech,Name,Hometown,High School,High School,softball,northwestern
9,Morgan Newport,"DeKalb, Ill.",DeKalb,DeKalb,Name,Hometown,High School,High School,softball,northwestern
10,Emma Bartz,"Mundelein, Ill.",Carmel Catholic,Carmel Catholic,Name,Hometown,High School,High School,softball,northwestern
11,Sammy Stanley,"Del Mar, Calif.",La Jolla Country Day,La Jolla Country Day,Name,Hometown,High School,High School,softball,northwestern
12,Danielle Williams,"Pleasanton, Calif.",Amador Valley,Amador Valley,Name,Hometown,High School,High School,softball,northwestern
13,Maegan Hollins,"Houston, Texas",Bellaire,Bellaire,Name,Hometown,High School,High School,softball,northwestern
14,Kaley Winegarner,"Garden Grove, Calif.",Pacifica,Pacifica,Name,Hometown,High School,High School,softball,northwestern
15,Nikki Cuchran,"Downers Grove, Ill.",Montini Catholic,Montini Catholic,Name,Hometown,High School,High School,softball,northwestern
16,Kenna Wilkey,"Braidwood, Ill.",Reed Custer,Reed Custer,Name,Hometown,High School,High School,softball,northwestern
17,Jordyn Rudd,"Greenwood, Ind.",Center Grove,Center Grove,Name,Hometown,High School,High School,softball,northwestern
0,Michelle Lee,"Naperville, Ill.",Waubonsie Valley,Waubonsie Valley,Name,Hometown,High School,High School,womens volleyball,northwestern
1,Abryanna Cannon,"Novi, Mich.",Novi,Novi,Name,Hometown,High School,High School,womens volleyball,northwestern
2,Allie Lindroth,"Plainfield, Ill.",Plainfield North,Plainfield North,Name,Hometown,High School,High School,womens volleyball,northwestern
3,Tatyana Hardwick,"Sterling Heights, Mich.",Sterling Heights,Sterling Heights,Name,Hometown,High School,High School,womens volleyball,northwestern
4,Emily Ehman,"Bloomington, Ind.",Bloomington South,Bloomington South,Name,Hometown,High School,High School,womens volleyball,northwestern
5,Ivey Whalen,"Eagle, Wis.",Catholic Memorial,Catholic Memorial,Name,Hometown,High School,High School,womens volleyball,northwestern
6,Lexi Pitsas,"Munster, Ind.",Munster,Munster,Name,Hometown,High School,High School,womens volleyball,northwestern
7,Kiara McNulty,"Del Mar, Calif.",Torrey Pines,Torrey Pines,Name,Hometown,High School,High School,womens volleyball,northwestern
8,Sarah Johnson,"Pasadena, Calif.",Mayfield,Mayfield,Name,Hometown,High School,High School,womens volleyball,northwestern
9,Amy Wang,"Palo Alto, Calif.",Henry Gunn,Henry Gunn,Name,Hometown,High School,High School,womens volleyball,northwestern
10,Britt Bommer,"Manhattan Beach, Calif.",Mira Costa,Mira Costa,Name,Hometown,High School,High School,womens volleyball,northwestern
11,Olivia Viscuso,"Arlington, Texas",Lamar,Lamar,Name,Hometown,High School,High School,womens volleyball,northwestern
12,Danyelle Williams,"Chicago, Ill.",Whitney Young,Whitney Young,Name,Hometown,High School,High School,womens volleyball,northwestern
13,Ella Grbac,"Cleveland, Ohio",Gilmour,Gilmour,Name,Hometown,High School,High School,womens volleyball,northwestern
14,Nia Robinson,"Indianapolis, Ind.",Cathedral,Cathedral,Name,Hometown,High School,High School,womens volleyball,northwestern
15,Hanna Lesiak,"Frankfort, Ill.",Lincoln-Way East,Lincoln-Way East,Name,Hometown,High School,High School,womens volleyball,northwestern
16,Alana Walker,"Chicago, Ill.",Whitney Young,Whitney Young,Name,Hometown,High School,High School,womens volleyball,northwestern
0,Maddy Curzon,"Portland, Ore.",St. Mary's Academy,St. Mary's Academy,Name,Hometown,High School,High School,womens fencing,northwestern
1,Abby Tartell,"Miami, Fla.",Pine Crest,Pine Crest,Name,Hometown,High School,High School,womens fencing,northwestern
2,Emine Ycel,"Istanbul, Turkey",The Ko School,The Ko School,Name,Hometown,High School,High School,womens fencing,northwestern
3,Pauline Hamilton,"Colorado Springs, Colo.",Cheyenne Mountain,Cheyenne Mountain,Name,Hometown,High School,High School,womens fencing,northwestern
4,Kaila Budofsky,"New York, N.Y.",Bronx H.S. of Science,Bronx H.S. of Science,Name,Hometown,High School,High School,womens fencing,northwestern
5,Sarah Filby,"Edina, Minn.",Edina,Edina,Name,Hometown,High School,High School,womens fencing,northwestern
6,Anna Tolley,"San Antonio, Texas",International School of the Americas,International School of the Americas,Name,Hometown,High School,High School,womens fencing,northwestern
7,Lucia Procopio,"Long Beach, Calif.",,,Name,Hometown,High School,High School,womens fencing,northwestern
8,Ella Lombard,"Amherst, Mass.",Pioneer Valley,Pioneer Valley,Name,Hometown,High School,High School,womens fencing,northwestern
9,Marta Amador Molina,"Madrid, Spain",Colegio Europeo De Madrid,Colegio Europeo De Madrid,Name,Hometown,High School,High School,womens fencing,northwestern
10,Shirley Luong,"Arcadia, Calif.",Maranatha,Maranatha,Name,Hometown,High School,High School,womens fencing,northwestern
11,Isabella Min,"Cresskill, N.J.",Cresskill,Cresskill,Name,Hometown,High School,High School,womens fencing,northwestern
12,Anya Harkness,"San Jose, Calif.",Lincoln,Lincoln,Name,Hometown,High School,High School,womens fencing,northwestern
13,Amy Jia,"Houston, Texas",Bellaire,Bellaire,Name,Hometown,High School,High School,womens fencing,northwestern
14,Sofia Simontov,"Seattle, Wash.",Mercer Island,Mercer Island,Name,Hometown,High School,High School,womens fencing,northwestern
15,Sacha Bazzal,"Los Angeles, Calif.",Concord,Concord,Name,Hometown,High School,High School,womens fencing,northwestern
16,Stefani Kahookele,"San Francisco, Calif.",Lowell,Lowell,Name,Hometown,High School,High School,womens fencing,northwestern
17,Justine Banbury,Grand Rapids,East Grand Rapids,East Grand Rapids,Name,Hometown,High School,High School,womens fencing,northwestern
18,Alexis Browne,"New City, N.Y.",Clarkstown South,Clarkstown South,Name,Hometown,High School,High School,womens fencing,northwestern
19,Jacqueline Hua,"Princeton, N.J.",Princeton,Princeton,Name,Hometown,High School,High School,womens fencing,northwestern
20,Katie Van Riper,"Marietta, Ga.",Pope,Pope,Name,Hometown,High School,High School,womens fencing,northwestern
21,Adelle Berdichevsky,"Pelham, N.Y.",Pelham Memorial,Pelham Memorial,Name,Hometown,High School,High School,womens fencing,northwestern
22,Michelle Lee,"San Francisco, Calif.",,,Name,Hometown,High School,High School,womens fencing,northwestern
23,Sydney Larrier,,,,Name,Hometown,High School,High School,womens fencing,northwestern
24,Yvonne Chart,"Truro, UK",Truro,Truro,Name,Hometown,High School,High School,womens fencing,northwestern
25,Sharon Chen,"Diamond Bar, Calif.",Troy,Troy,Name,Hometown,High School,High School,womens fencing,northwestern
26,Ashley Gomerman,"Melville, N.Y.",Half Hollow Hills East,Half Hollow Hills East,Name,Hometown,High School,High School,womens fencing,northwestern
27,Zhesi Zhuang,"Aliso Niguel, Calif.",Aliso Niguel,Aliso Niguel,Name,Hometown,High School,High School,womens fencing,northwestern
28,Alexandra Banin,"New York, N.Y.",Horace Mann,Horace Mann,Name,Hometown,High School,High School,womens fencing,northwestern
0,Lauren Gilbert,"Lake Oswego, Ore.",Lake Oswego,Lake Oswego,Name,Hometown,High School,High School,womens lacrosse,northwestern
1,Selena Lasota,"Campbell River, B.C.",Carihi Secondary,Carihi Secondary,Name,Hometown,High School,High School,womens lacrosse,northwestern
2,Shelby Fredericks,"Babylon, N.Y.",Babylon,Babylon,Name,Hometown,High School,High School,womens lacrosse,northwestern
3,Olivia Harpel,"West Windsor, N.J.",West Windsor Plainsboro-North,West Windsor Plainsboro-North,Name,Hometown,High School,High School,womens lacrosse,northwestern
4,Carli Harpel,"West Windsor, N.J.",West Windsor Plainsboro-North,West Windsor Plainsboro-North,Name,Hometown,High School,High School,womens lacrosse,northwestern
5,Shannon Nesselbush,"Penfield, N.Y.",Penfield,Penfield,Name,Hometown,High School,High School,womens lacrosse,northwestern
6,Sheila Nesselbush,"Penfield, N.Y.",Penfield,Penfield,Name,Hometown,High School,High School,womens lacrosse,northwestern
7,Danita Stroup,"Port Coquitlam, B.C.",Riverside Secondary School,Riverside Secondary School,Name,Hometown,High School,High School,womens lacrosse,northwestern
8,Liza Elder,"Grand Rapids, Mich.",East Grand Rapids,East Grand Rapids,Name,Hometown,High School,High School,womens lacrosse,northwestern
9,Lindsay Darrell,"West Islip, N.Y.",West Islip,West Islip,Name,Hometown,High School,High School,womens lacrosse,northwestern
10,Ally Palermo,"Seaford, N.Y.",Seaford,Seaford,Name,Hometown,High School,High School,womens lacrosse,northwestern
11,Megan Kinna,"Maple Ridge, British Columbia",Samuel Robertson,Samuel Robertson,Name,Hometown,High School,High School,womens lacrosse,northwestern
12,Leighton Yenor,"Orlando, Fla.",Timber Creek,Timber Creek,Name,Hometown,High School,High School,womens lacrosse,northwestern
13,Jill Girardi,"Watertown, N.Y.",Watertown,Watertown,Name,Hometown,High School,High School,womens lacrosse,northwestern
14,Megan Gordon,"Wantagh, N.Y.",Wantagh,Wantagh,Name,Hometown,High School,High School,womens lacrosse,northwestern
15,Taylor Pinzone,"Waltham, Mass.",Waltham,Waltham,Name,Hometown,High School,High School,womens lacrosse,northwestern
16,Kim Harker,"Mahopac, N.Y.",Mahopac,Mahopac,Name,Hometown,High School,High School,womens lacrosse,northwestern
17,Tara Chelios,"Detroit, Mich.",Cranbrook,Cranbrook,Name,Hometown,High School,High School,womens lacrosse,northwestern
18,Emily Stein,"Darien, Conn.",Darien,Darien,Name,Hometown,High School,High School,womens lacrosse,northwestern
19,Mallory Weisse,"Westfield, N.J.",Westfield,Westfield,Name,Hometown,High School,High School,womens lacrosse,northwestern
20,Sara Szynal,"Summit, N.J.",Summit,Summit,Name,Hometown,High School,High School,womens lacrosse,northwestern
21,Lindsey McKone,"Bellaire, Texas",St. John's School,St. John's School,Name,Hometown,High School,High School,womens lacrosse,northwestern
22,Ivy Arlia,"Plymouth, Mass.",Thayer Academy,Thayer Academy,Name,Hometown,High School,High School,womens lacrosse,northwestern
23,Ally Mueller,"Pelham, N.Y.",Hackley,Hackley,Name,Hometown,High School,High School,womens lacrosse,northwestern
24,Meghan Duffy,"Cicero, N.Y.",Cicero North,Cicero North,Name,Hometown,High School,High School,womens lacrosse,northwestern
25,Nicole Beardsley,"Burnt Hills, N.Y.",Burnt Hills-Ballston Lake,Burnt Hills-Ballston Lake,Name,Hometown,High School,High School,womens lacrosse,northwestern
26,Claire Quinn,"Manhassett, N.Y.",St. Anthony's,St. Anthony's,Name,Hometown,High School,High School,womens lacrosse,northwestern
27,Riley Johnston,"Jupiter, Fla.",The Benjamin School,The Benjamin School,Name,Hometown,High School,High School,womens lacrosse,northwestern
28,Julie Krupnick,"Mountain Lakes, N.J.",Mountain Lakes,Mountain Lakes,Name,Hometown,High School,High School,womens lacrosse,northwestern
29,Claire Smith,"Alpharetta, Ga.",Milton,Milton,Name,Hometown,High School,High School,womens lacrosse,northwestern
30,Brennan Dwyer,"Winnetka, Ill.",Loyola Academy,Loyola Academy,Name,Hometown,High School,High School,womens lacrosse,northwestern
31,Holly Korn,"Shorewood, Minn.",Hotchkiss,Hotchkiss,Name,Hometown,High School,High School,womens lacrosse,northwestern
32,Kristin Cameron,"Bedford, N.H.",Bishop Guertin,Bishop Guertin,Name,Hometown,High School,High School,womens lacrosse,northwestern
33,Kate Copeland,"Houston, Texas",St. John's School,St. John's School,Name,Hometown,High School,High School,womens lacrosse,northwestern
34,Carson Copeland,"Houston, Texas",St. John's School,St. John's School,Name,Hometown,High School,High School,womens lacrosse,northwestern
35,Nell Copeland,"Houston, Texas",St. John's,St. John's,Name,Hometown,High School,High School,womens lacrosse,northwestern
36,Lyndsey Lafitte,"Houston, Texas",Mirabeau B. Lamar,Mirabeau B. Lamar,Name,Hometown,High School,High School,womens lacrosse,northwestern
37,Kate Paliotta,"Westport, Conn.",Green Farms Academy,Green Farms Academy,Name,Hometown,High School,High School,womens lacrosse,northwestern
38,Caroline Tatsuoka,"Cleveland, Ohio",Hawken,Hawken,Name,Hometown,High School,High School,womens lacrosse,northwestern
39,Brianna Stroup,"Port Coquitlam, British Columbia",Riverside Secondary School,Riverside Secondary School,Name,Hometown,High School,High School,womens lacrosse,northwestern
