,name,hometown,high school,school,name text,hometown text,high school text,school text,sport,college
0,childress brandon,"Winston-Salem, N.C.",Wesleyan Christian Academy,Wesleyan Christian Academy,Last Name,Hometown,High School,High School,mens basketball,wake_forest
1,mucius isaiah,"East Patchogue, N.Y.",Brewster Academy,Brewster Academy,Last Name,Hometown,High School,High School,mens basketball,wake_forest
2,"wright, jr. sharone","Florence, S.C.",Legacy Early College H.S.,Legacy Early College H.S.,Last Name,Hometown,High School,High School,mens basketball,wake_forest
3,johnson torry,"Chicago, Ill.",Morgan Park,Morgan Park,Last Name,Hometown,High School,High School,mens basketball,wake_forest
4,hoard jaylen,"Carnon, France",Wesleyan Christian Academy,Wesleyan Christian Academy,Last Name,Hometown,High School,High School,mens basketball,wake_forest
5,eggleston melo,"Suitland, Md.",Notre Dame Prep,Notre Dame Prep,Last Name,Hometown,High School,High School,mens basketball,wake_forest
6,brown chaundee,"Orlando, Fla.",First Academy,First Academy,Last Name,Hometown,High School,High School,mens basketball,wake_forest
7,lewis jamie,"Atlanta, Ga.",Findlay Prep,Findlay Prep,Last Name,Hometown,High School,High School,mens basketball,wake_forest
8,sarr olivier,"Toulouse, France",INSEP,INSEP,Last Name,Hometown,High School,High School,mens basketball,wake_forest
9,buchanan blake,"Durham, N.C.",Voyager Academy,Voyager Academy,Last Name,Hometown,High School,High School,mens basketball,wake_forest
10,okeke sunday,"Lagos, Nigeria",Greens Farms Academy,Greens Farms Academy,Last Name,Hometown,High School,High School,mens basketball,wake_forest
11,smart ikenna,"Umuahia, Nigeria",New Garden Friends School,New Garden Friends School,Last Name,Hometown,High School,High School,mens basketball,wake_forest
12,bilas anthony,"Charlotte, N.C.",Charlotte Latin School,Charlotte Latin School,Last Name,Hometown,High School,High School,mens basketball,wake_forest
13,spivey aaron,"Rocky Mount, N.C.",Nash Central,Nash Central,Last Name,Hometown,High School,High School,mens basketball,wake_forest
14,lester miles,"Wichita, Kan.",Wilbraham & Monson Academy,Wilbraham & Monson Academy,Last Name,Hometown,High School,High School,mens basketball,wake_forest
0,banks maya,"Chandler, Ariz.",N/A,Hamilton,Last Name,Hometown,N/A,Last School,womens basketball,wake_forest
1,walker destini,"Ossining, N.Y.",N/A,Hermitage,Last Name,Hometown,N/A,Last School,womens basketball,wake_forest
2,conti gina,"Grove City, Ohio",N/A,Grove City,Last Name,Hometown,N/A,Last School,womens basketball,wake_forest
3,raca ivana,"Belgrade, Serbia",N/A,1st Lyceum of Voula,Last Name,Hometown,N/A,Last School,womens basketball,wake_forest
4,sharp alex,"Melbourne, Australia",N/A,Australian Institute of Sport,Last Name,Hometown,N/A,Last School,womens basketball,wake_forest
5,simmons kortni,"Spotsylvania, Va.",N/A,West Florence,Last Name,Hometown,N/A,Last School,womens basketball,wake_forest
6,branch raegyn,"Arlington, Tenn.",N/A,Arlington,Last Name,Hometown,N/A,Last School,womens basketball,wake_forest
7,stephenson ariel,"Prince George, Va.",N/A,Prince George,Last Name,Hometown,N/A,Last School,womens basketball,wake_forest
8,penna elisa,"Bergamo, Italy",N/A,ITC F. Foscari,Last Name,Hometown,N/A,Last School,womens basketball,wake_forest
9,whitehead tyra,"Richmond, Va.",N/A,Cosby,Last Name,Hometown,N/A,Last School,womens basketball,wake_forest
10,udoh ona,"Fayetteville, N.C.",N/A,Terry Sanford,Last Name,Hometown,N/A,Last School,womens basketball,wake_forest
0,aiello johnny,"Lansdale, Pa.",N/A,Germantown Academy,Last Name,Hometown,N/A,Last School,baseball,wake_forest
1,seymour bobby,"St. John, Ind.",N/A,Mount Carmel HS (Ill.),Last Name,Hometown,N/A,Last School,baseball,wake_forest
2,poteet dj,"Johns Creek, Ga.",N/A,Northview HS,Last Name,Hometown,N/A,Last School,baseball,wake_forest
3,frick patrick,"Greenville, S.C.",N/A,JL Mann Academy,Last Name,Hometown,N/A,Last School,baseball,wake_forest
4,mueller jake,"Columbia, S.C.",N/A,Richland Northeast HS,Last Name,Hometown,N/A,Last School,baseball,wake_forest
5,diponzio nick,"Macon, Ga.",N/A,Tattnall Square Academy,Last Name,Hometown,N/A,Last School,baseball,wake_forest
6,peluse colin,"Middletown, Del.",N/A,Middletown HS,Last Name,Hometown,N/A,Last School,baseball,wake_forest
7,supple rayne,"Shelburne, Vt.",N/A,Champlain Valley Union HS,Last Name,Hometown,N/A,Last School,baseball,wake_forest
8,seal zach,"McLean, Va.",N/A,Georgetown Prep,Last Name,Hometown,N/A,Last School,baseball,wake_forest
9,muntz shane,"Phoenixville, Pa.",N/A,Malvern Prep,Last Name,Hometown,N/A,Last School,baseball,wake_forest
10,witt tyler,"Claremont, Calif.",N/A,Claremont HS,Last Name,Hometown,N/A,Last School,baseball,wake_forest
11,maronpot keegan,"Tarpon Springs, Fla.",N/A,East Lake HS,Last Name,Hometown,N/A,Last School,baseball,wake_forest
12,harvey logan,"Henrico, Va.",N/A,Douglas Freeman HS,Last Name,Hometown,N/A,Last School,baseball,wake_forest
13,steel bruce,"Jupiter, Fla.",N/A,Cardinal Newman HS,Last Name,Hometown,N/A,Last School,baseball,wake_forest
14,bach carter,"Clifton, Va.",N/A,Centreville HS,Last Name,Hometown,N/A,Last School,baseball,wake_forest
15,long christian,"Houston, Texas",N/A,Westside HS,Last Name,Hometown,N/A,Last School,baseball,wake_forest
16,casstevens ben,"Winston-Salem, N.C.",N/A,R.J. Reynolds HS,Last Name,Hometown,N/A,Last School,baseball,wake_forest
17,ludowig michael,"Ashburn, Va.",N/A,Briar Woods HS,Last Name,Hometown,N/A,Last School,baseball,wake_forest
18,lanzilli chris,"Stoneham, Mass.",N/A,Dexter School,Last Name,Hometown,N/A,Last School,baseball,wake_forest
19,menendez antonio,"Herndon, Va.",N/A,Herndon HS,Last Name,Hometown,N/A,Last School,baseball,wake_forest
20,mascolo chase,"Fairfield, Conn.",N/A,Fairfield Prep,Last Name,Hometown,N/A,Last School,baseball,wake_forest
21,farish chris,"Houston, Texas",N/A,St. John's HS,Last Name,Hometown,N/A,Last School,baseball,wake_forest
22,hearn bobby,"Tampa, Fla.",N/A,Jesuit HS,Last Name,Hometown,N/A,Last School,baseball,wake_forest
23,mcsweeney morgan,"Hudson, Mass.",N/A,Worcester Academy,Last Name,Hometown,N/A,Last School,baseball,wake_forest
24,fleming william,"Asheville, N.C.",N/A,Christ School,Last Name,Hometown,N/A,Last School,baseball,wake_forest
25,mcnamee cole,"Milton, Ga.",N/A,Blessed Trinity Catholic HS,Last Name,Hometown,N/A,Last School,baseball,wake_forest
26,shuster jared,"New Bedford, Mass.",N/A,Tabor Academy,Last Name,Hometown,N/A,Last School,baseball,wake_forest
27,dee rhyse,"Phoenix, Ariz.",N/A,Paradise Valley HS,Last Name,Hometown,N/A,Last School,baseball,wake_forest
28,roberts griffin,"Midlothian, Va.",N/A,James River HS,Last Name,Hometown,N/A,Last School,baseball,wake_forest
0,glenn cameron,"Stone Mountain, GA (Stephenson)",N/A,"Stone Mountain, GA (Stephenson)",Last Name,Hometown (Last School),N/A,Hometown (Last School),football,wake_forest
1,hinton kendall,"Durham, NC (Southern Durham)",N/A,"Durham, NC (Southern Durham)",Last Name,Hometown (Last School),N/A,Hometown (Last School),football,wake_forest
2,dortch greg,"Richmond, VA (Highlands Springs)",N/A,"Richmond, VA (Highlands Springs)",Last Name,Hometown (Last School),N/A,Hometown (Last School),football,wake_forest
3,henderson amari,"Charlotte, NC (Mallard Creek)",N/A,"Charlotte, NC (Mallard Creek)",Last Name,Hometown (Last School),N/A,Hometown (Last School),football,wake_forest
4,byrd arkeem,"Savannah, GA (Jenkins)",N/A,"Savannah, GA (Jenkins)",Last Name,Hometown (Last School),N/A,Hometown (Last School),football,wake_forest
5,washington scotty,"Washington, DC (St. John's)",N/A,"Washington, DC (St. John's)",Last Name,Hometown (Last School),N/A,Hometown (Last School),football,wake_forest
6,"wade, jr. chuck","Jacksonville, FL (Bishop Kenny)",N/A,"Jacksonville, FL (Bishop Kenny)",Last Name,Hometown (Last School),N/A,Hometown (Last School),football,wake_forest
7,hartman sam,"Charlotte, NC (Oceanside Collegiate (SC))",N/A,"Charlotte, NC (Oceanside Collegiate (SC))",Last Name,Hometown (Last School),N/A,Hometown (Last School),football,wake_forest
8,masterson luke,"Naples, FL (Gulf Coast)",N/A,"Naples, FL (Gulf Coast)",Last Name,Hometown (Last School),N/A,Hometown (Last School),football,wake_forest
9,newman jamie,"Graham, NC (Graham)",N/A,"Graham, NC (Graham)",Last Name,Hometown (Last School),N/A,Hometown (Last School),football,wake_forest
10,bowers tayvon,"Harrisburg, PA (Bishop McDevitt)",N/A,"Harrisburg, PA (Bishop McDevitt)",Last Name,Hometown (Last School),N/A,Hometown (Last School),football,wake_forest
11,grate malik,"Pendleton, SC (Pendleton)",N/A,"Pendleton, SC (Pendleton)",Last Name,Hometown (Last School),N/A,Hometown (Last School),football,wake_forest
12,surratt sage,"Lincolnton, NC (Lincolnton)",N/A,"Lincolnton, NC (Lincolnton)",Last Name,Hometown (Last School),N/A,Hometown (Last School),football,wake_forest
13,bachman alex,"Westlake Village, CA (Oaks Christian)",N/A,"Westlake Village, CA (Oaks Christian)",Last Name,Hometown (Last School),N/A,Hometown (Last School),football,wake_forest
14,redd traveon,"Martinsville, VA (Magna Vista)",N/A,"Martinsville, VA (Magna Vista)",Last Name,Hometown (Last School),N/A,Hometown (Last School),football,wake_forest
15,"basham, jr. carlos","Roanoke, VA (Northside)",N/A,"Roanoke, VA (Northside)",Last Name,Hometown (Last School),N/A,Hometown (Last School),football,wake_forest
16,considine matthew,"St. Augustine, FL (St. Joseph Academy)",N/A,"St. Augustine, FL (St. Joseph Academy)",Last Name,Hometown (Last School),N/A,Hometown (Last School),football,wake_forest
17,bell tyler,"Mobile, AL (Faith Academy)",N/A,"Mobile, AL (Faith Academy)",Last Name,Hometown (Last School),N/A,Hometown (Last School),football,wake_forest
18,davis coby,"Upper Marlboro, MD (Maret School)",N/A,"Upper Marlboro, MD (Maret School)",Last Name,Hometown (Last School),N/A,Hometown (Last School),football,wake_forest
19,bassey essang,"Columbus, GA (Columbus)",N/A,"Columbus, GA (Columbus)",Last Name,Hometown (Last School),N/A,Hometown (Last School),football,wake_forest
20,colburn ii matt,"Irmo, SC (Dutch Fork)",N/A,"Irmo, SC (Dutch Fork)",Last Name,Hometown (Last School),N/A,Hometown (Last School),football,wake_forest
21,chapman brandon,"Grove City, OH (Grove City)",N/A,"Grove City, OH (Grove City)",Last Name,Hometown (Last School),N/A,Hometown (Last School),football,wake_forest
22,strnad justin,"Palm Harbor, FL (East Lake)",N/A,"Palm Harbor, FL (East Lake)",Last Name,Hometown (Last School),N/A,Hometown (Last School),football,wake_forest
23,taylor ja'sir,"Asbury Park, NJ (Brick Township)",N/A,"Asbury Park, NJ (Brick Township)",Last Name,Hometown (Last School),N/A,Hometown (Last School),football,wake_forest
24,sriraman james,"Raleigh, NC (Cardinal Gibbons)",N/A,"Raleigh, NC (Cardinal Gibbons)",Last Name,Hometown (Last School),N/A,Hometown (Last School),football,wake_forest
25,beal christian,"Winston-Salem, NC (East Forsyth)",N/A,"Winston-Salem, NC (East Forsyth)",Last Name,Hometown (Last School),N/A,Hometown (Last School),football,wake_forest
26,hardimon tyriq,"Marietta, GA (Lassiter)",N/A,"Marietta, GA (Lassiter)",Last Name,Hometown (Last School),N/A,Hometown (Last School),football,wake_forest
27,bemiss willy,"Richmond, VA (St. Christopher's)",N/A,"Richmond, VA (St. Christopher's)",Last Name,Hometown (Last School),N/A,Hometown (Last School),football,wake_forest
28,keith zion,"Florence, SC (Wilson)",N/A,"Florence, SC (Wilson)",Last Name,Hometown (Last School),N/A,Hometown (Last School),football,wake_forest
29,delaney deandre',"Morristown, TN (Morristown West)",N/A,"Morristown, TN (Morristown West)",Last Name,Hometown (Last School),N/A,Hometown (Last School),football,wake_forest
30,williams ja'cquez,"Hinesville, GA (Liberty County)",N/A,"Hinesville, GA (Liberty County)",Last Name,Hometown (Last School),N/A,Hometown (Last School),football,wake_forest
31,burley jeff,"Jackson, GA (Jackson)",N/A,"Jackson, GA (Jackson)",Last Name,Hometown (Last School),N/A,Hometown (Last School),football,wake_forest
32,drawdy will,"Easley, SC (Easley)",N/A,"Easley, SC (Easley)",Last Name,Hometown (Last School),N/A,Hometown (Last School),football,wake_forest
33,kemp demetrius,"Demopolis, AL (Demopolis)",N/A,"Demopolis, AL (Demopolis)",Last Name,Hometown (Last School),N/A,Hometown (Last School),football,wake_forest
34,mays nate,"Calhoun, GA (Dalton)",N/A,"Calhoun, GA (Dalton)",Last Name,Hometown (Last School),N/A,Hometown (Last School),football,wake_forest
35,carney cade,"Advance, NC (Davidson Day)",N/A,"Advance, NC (Davidson Day)",Last Name,Hometown (Last School),N/A,Hometown (Last School),football,wake_forest
36,greer nasir,"Stockbridge, GA (Stockbridge)",N/A,"Stockbridge, GA (Stockbridge)",Last Name,Hometown (Last School),N/A,Hometown (Last School),football,wake_forest
37,good keegan,"Pinehurst, NC (Pinecrest)",N/A,"Pinehurst, NC (Pinecrest)",Last Name,Hometown (Last School),N/A,Hometown (Last School),football,wake_forest
38,bartee justin,"Vienna, Va. (Oakton)",N/A,"Vienna, Va. (Oakton)",Last Name,Hometown (Last School),N/A,Hometown (Last School),football,wake_forest
39,simpson jake,"Buford, GA (Buford)",N/A,"Buford, GA (Buford)",Last Name,Hometown (Last School),N/A,Hometown (Last School),football,wake_forest
40,miller connor,"Charlotte, NC (Charlotte Catholic)",N/A,"Charlotte, NC (Charlotte Catholic)",Last Name,Hometown (Last School),N/A,Hometown (Last School),football,wake_forest
41,liverpool laronde',"Virginia Beach, VA (Landstown)",N/A,"Virginia Beach, VA (Landstown)",Last Name,Hometown (Last School),N/A,Hometown (Last School),football,wake_forest
42,taylor dj,"Belvidere, TN (Huntland)",N/A,"Belvidere, TN (Huntland)",Last Name,Hometown (Last School),N/A,Hometown (Last School),football,wake_forest
43,maggio dom,"Monkton, MD (Boys' Latin)",N/A,"Monkton, MD (Boys' Latin)",Last Name,Hometown (Last School),N/A,Hometown (Last School),football,wake_forest
44,yarbary willie,"Augusta, GA (Richmond Academy)",N/A,"Augusta, GA (Richmond Academy)",Last Name,Hometown (Last School),N/A,Hometown (Last School),football,wake_forest
45,ndlovu trey,"Hummelstown, PA (Hershey)",N/A,"Hummelstown, PA (Hershey)",Last Name,Hometown (Last School),N/A,Hometown (Last School),football,wake_forest
46,calhoun chris,"Alpharetta, GA (Centennial)",N/A,"Alpharetta, GA (Centennial)",Last Name,Hometown (Last School),N/A,Hometown (Last School),football,wake_forest
47,diemel dayton,"Hudson, WI (Hudson)",N/A,"Hudson, WI (Hudson)",Last Name,Hometown (Last School),N/A,Hometown (Last School),football,wake_forest
48,bateman elontae,"Memphis, TN (Ridgeway)",N/A,"Memphis, TN (Ridgeway)",Last Name,Hometown (Last School),N/A,Hometown (Last School),football,wake_forest
49,jurgens michael,"Damascus, MD (Damascus)",N/A,"Damascus, MD (Damascus)",Last Name,Hometown (Last School),N/A,Hometown (Last School),football,wake_forest
50,clapp spencer,"Gibsonville, NC (Eastern Guilford)",N/A,"Gibsonville, NC (Eastern Guilford)",Last Name,Hometown (Last School),N/A,Hometown (Last School),football,wake_forest
51,monroe chase,"Huntersville, NC (Davidson Day)",N/A,"Huntersville, NC (Davidson Day)",Last Name,Hometown (Last School),N/A,Hometown (Last School),football,wake_forest
52,watson tyler,"Roswell, GA (Milton)",N/A,"Roswell, GA (Milton)",Last Name,Hometown (Last School),N/A,Hometown (Last School),football,wake_forest
53,nya loic,"Silver Spring, MD (Springbrook)",N/A,"Silver Spring, MD (Springbrook)",Last Name,Hometown (Last School),N/A,Hometown (Last School),football,wake_forest
54,suhren taleni,"Charlotte, NC (Ardrey Kell)",N/A,"Charlotte, NC (Ardrey Kell)",Last Name,Hometown (Last School),N/A,Hometown (Last School),football,wake_forest
55,nash je'vionte',"Orange Park, FL (Oak Leaf)",N/A,"Orange Park, FL (Oak Leaf)",Last Name,Hometown (Last School),N/A,Hometown (Last School),football,wake_forest
56,tom zach,"Prairieville, LA (Catholic)",N/A,"Prairieville, LA (Catholic)",Last Name,Hometown (Last School),N/A,Hometown (Last School),football,wake_forest
57,jovanovic goran,"Ashburn, VA (Paul VI Catholic)",N/A,"Ashburn, VA (Paul VI Catholic)",Last Name,Hometown (Last School),N/A,Hometown (Last School),football,wake_forest
58,osterhage patrick,"Centerville, OH (Centerville)",N/A,"Centerville, OH (Centerville)",Last Name,Hometown (Last School),N/A,Hometown (Last School),football,wake_forest
59,anderson ryan,"Raleigh, NC (Wakefield)",N/A,"Raleigh, NC (Wakefield)",Last Name,Hometown (Last School),N/A,Hometown (Last School),football,wake_forest
60,gilliam nathan,"Knoxville, TN (Farragut)",N/A,"Knoxville, TN (Farragut)",Last Name,Hometown (Last School),N/A,Hometown (Last School),football,wake_forest
61,williams tyler,"West Palm Beach, FL (Oxbridge Academy)",N/A,"West Palm Beach, FL (Oxbridge Academy)",Last Name,Hometown (Last School),N/A,Hometown (Last School),football,wake_forest
62,benzinger jake,"Williamston, MA (Mt. Greylock)",N/A,"Williamston, MA (Mt. Greylock)",Last Name,Hometown (Last School),N/A,Hometown (Last School),football,wake_forest
63,haynes phil,"Raleigh, NC (Enloe)",N/A,"Raleigh, NC (Enloe)",Last Name,Hometown (Last School),N/A,Hometown (Last School),football,wake_forest
64,herron justin,"Silver Spring, MD (Bullis)",N/A,"Silver Spring, MD (Bullis)",Last Name,Hometown (Last School),N/A,Hometown (Last School),football,wake_forest
65,rappleyea allan,"Millbrook, NY (Milton Academy)",N/A,"Millbrook, NY (Milton Academy)",Last Name,Hometown (Last School),N/A,Hometown (Last School),football,wake_forest
66,maginn sean,"Suwanee, GA (North Gwinnett)",N/A,"Suwanee, GA (North Gwinnett)",Last Name,Hometown (Last School),N/A,Hometown (Last School),football,wake_forest
67,jones waydale,"Beeville, TX (A.C. Jones)",N/A,"Beeville, TX (A.C. Jones)",Last Name,Hometown (Last School),N/A,Hometown (Last School),football,wake_forest
68,driscoll ian,"Garden City, NY (Holderness School)",N/A,"Garden City, NY (Holderness School)",Last Name,Hometown (Last School),N/A,Hometown (Last School),football,wake_forest
69,roberson jaquarii,"Murfreesboro, NC (Hertford County)",N/A,"Murfreesboro, NC (Hertford County)",Last Name,Hometown (Last School),N/A,Hometown (Last School),football,wake_forest
70,johnson davis,"Alpharetta, GA (Milton)",N/A,"Alpharetta, GA (Milton)",Last Name,Hometown (Last School),N/A,Hometown (Last School),football,wake_forest
71,lubrano jaren,"Pinehurst, NC (Pinecrest)",N/A,"Pinehurst, NC (Pinecrest)",Last Name,Hometown (Last School),N/A,Hometown (Last School),football,wake_forest
72,whiteheart blake,"Winston-Salem, NC (Mount Tabor)",N/A,"Winston-Salem, NC (Mount Tabor)",Last Name,Hometown (Last School),N/A,Hometown (Last School),football,wake_forest
73,freudenthal jack,"Richmond, VA (Trinity Episcopal)",N/A,"Richmond, VA (Trinity Episcopal)",Last Name,Hometown (Last School),N/A,Hometown (Last School),football,wake_forest
74,cole thomas,"Wellsburg, WV (Brooke)",N/A,"Wellsburg, WV (Brooke)",Last Name,Hometown (Last School),N/A,Hometown (Last School),football,wake_forest
75,claude steven,"Miami, FL (Champagnat Catholic)",N/A,"Miami, FL (Champagnat Catholic)",Last Name,Hometown (Last School),N/A,Hometown (Last School),football,wake_forest
76,murphy zach,"Raleigh, NC (Ravenscroft)",N/A,"Raleigh, NC (Ravenscroft)",Last Name,Hometown (Last School),N/A,Hometown (Last School),football,wake_forest
77,kamara sulaiman,"Richmond, VA (Hermitage)",N/A,"Richmond, VA (Hermitage)",Last Name,Hometown (Last School),N/A,Hometown (Last School),football,wake_forest
78,allen mike,"Sugar Hill, GA (Lanier)",N/A,"Sugar Hill, GA (Lanier)",Last Name,Hometown (Last School),N/A,Hometown (Last School),football,wake_forest
79,winter adam,"St. Louis, MO (De Smet Jesuit)",N/A,"St. Louis, MO (De Smet Jesuit)",Last Name,Hometown (Last School),N/A,Hometown (Last School),football,wake_forest
80,rodney zeek,"Rock Hill, SC (South Pointe)",N/A,"Rock Hill, SC (South Pointe)",Last Name,Hometown (Last School),N/A,Hometown (Last School),football,wake_forest
81,walker manny,"Holly Hill, SC (Lake Marion)",N/A,"Holly Hill, SC (Lake Marion)",Last Name,Hometown (Last School),N/A,Hometown (Last School),football,wake_forest
82,hebbeler connor,"Franklin Lakes, NJ (Bergen Catholic)",N/A,"Franklin Lakes, NJ (Bergen Catholic)",Last Name,Hometown (Last School),N/A,Hometown (Last School),football,wake_forest
83,rielly jack,"Pittsburgh, PA (Central Catholic)",N/A,"Pittsburgh, PA (Central Catholic)",Last Name,Hometown (Last School),N/A,Hometown (Last School),football,wake_forest
84,sciba nick,"Clover, SC (Clover)",N/A,"Clover, SC (Clover)",Last Name,Hometown (Last School),N/A,Hometown (Last School),football,wake_forest
85,brown ben,"Chevy Chase, MD (Bullis)",N/A,"Chevy Chase, MD (Bullis)",Last Name,Hometown (Last School),N/A,Hometown (Last School),football,wake_forest
86,brown kelijiha,"Saluda, SC (Saluda)",N/A,"Saluda, SC (Saluda)",Last Name,Hometown (Last School),N/A,Hometown (Last School),football,wake_forest
87,fortune augustus,"Knoxville, TN (Knoxville Catholic)",N/A,"Knoxville, TN (Knoxville Catholic)",Last Name,Hometown (Last School),N/A,Hometown (Last School),football,wake_forest
88,"alston, jr. marquis","Smyrna, GA (Harrison)",N/A,"Smyrna, GA (Harrison)",Last Name,Hometown (Last School),N/A,Hometown (Last School),football,wake_forest
89,bergan dion,"Kissimmee, FL (Kissimmee-Osceola)",N/A,"Kissimmee, FL (Kissimmee-Osceola)",Last Name,Hometown (Last School),N/A,Hometown (Last School),football,wake_forest
90,bothroyd rondell,"Mansfield, CT (E.O. Smith)",N/A,"Mansfield, CT (E.O. Smith)",Last Name,Hometown (Last School),N/A,Hometown (Last School),football,wake_forest
91,dicks iii kenneth,"Suwanee, GA (Lambert)",N/A,"Suwanee, GA (Lambert)",Last Name,Hometown (Last School),N/A,Hometown (Last School),football,wake_forest
92,edwards mike,"Hope Mills, NC (South View)",N/A,"Hope Mills, NC (South View)",Last Name,Hometown (Last School),N/A,Hometown (Last School),football,wake_forest
93,francis royce,"Acworth, GA (Allatoona)",N/A,"Acworth, GA (Allatoona)",Last Name,Hometown (Last School),N/A,Hometown (Last School),football,wake_forest
94,gordon devonte,"Washington, DC (Maret School)",N/A,"Washington, DC (Maret School)",Last Name,Hometown (Last School),N/A,Hometown (Last School),football,wake_forest
95,heggs ii orlando,"Jacksonville, FL (The Bolles School)",N/A,"Jacksonville, FL (The Bolles School)",Last Name,Hometown (Last School),N/A,Hometown (Last School),football,wake_forest
96,isaac isaiah,"Buford, GA (Buford)",N/A,"Buford, GA (Buford)",Last Name,Hometown (Last School),N/A,Hometown (Last School),football,wake_forest
97,johns jacorey,"Cartersville, GA (Cartersville)",N/A,"Cartersville, GA (Cartersville)",Last Name,Hometown (Last School),N/A,Hometown (Last School),football,wake_forest
98,manning anthony,"Orlando, FL (Lake Nona)",N/A,"Orlando, FL (Lake Nona)",Last Name,Hometown (Last School),N/A,Hometown (Last School),football,wake_forest
99,mckinney courtney,"Biscoe, NC (East Montgomery)",N/A,"Biscoe, NC (East Montgomery)",Last Name,Hometown (Last School),N/A,Hometown (Last School),football,wake_forest
100,perry a.t.,"Lake Worth, FL (Park Vista Community)",N/A,"Lake Worth, FL (Park Vista Community)",Last Name,Hometown (Last School),N/A,Hometown (Last School),football,wake_forest
101,"smenda, jr. ryan","Orange Park, FL (Fleming School)",N/A,"Orange Park, FL (Fleming School)",Last Name,Hometown (Last School),N/A,Hometown (Last School),football,wake_forest
102,woulard peyton,,N/A,,Last Name,Hometown (Last School),N/A,Hometown (Last School),football,wake_forest
0,pannenberg andrew,"Charlotte, N.C. (Ardrey Kell HS)",N/A,"Charlotte, N.C. (Ardrey Kell HS)",Last Name,Hometown (Last School),N/A,Hometown (Last School),mens soccer,wake_forest
1,cases mundet andreu,"Barcelona, Spain (Escola Lleo XII)",N/A,"Barcelona, Spain (Escola Lleo XII)",Last Name,Hometown (Last School),N/A,Hometown (Last School),mens soccer,wake_forest
2,argudo luis,"New York, N.Y. (Elon)",N/A,"New York, N.Y. (Elon)",Last Name,Hometown (Last School),N/A,Hometown (Last School),mens soccer,wake_forest
3,fagundo rafael,"Herndon, Va. (Paul VI HS)",N/A,"Herndon, Va. (Paul VI HS)",Last Name,Hometown (Last School),N/A,Hometown (Last School),mens soccer,wake_forest
4,politz kevin,"Morganville, N.J. (Marlboro HS)",N/A,"Morganville, N.J. (Marlboro HS)",Last Name,Hometown (Last School),N/A,Hometown (Last School),mens soccer,wake_forest
5,deshields michael,"Baltimore, Md. (McDonogh HS)",N/A,"Baltimore, Md. (McDonogh HS)",Last Name,Hometown (Last School),N/A,Hometown (Last School),mens soccer,wake_forest
6,mckenzie mark,"Bronx, N.Y. (YSC Academy (Pa.))",N/A,"Bronx, N.Y. (YSC Academy (Pa.))",Last Name,Hometown (Last School),N/A,Hometown (Last School),mens soccer,wake_forest
7,bakero jon,"Sitges, Spain (International School of Barcelona)",N/A,"Sitges, Spain (International School of Barcelona)",Last Name,Hometown (Last School),N/A,Hometown (Last School),mens soccer,wake_forest
8,servania brandon,"Birmingham, Ala. (Lone Star HS (Texas))",N/A,"Birmingham, Ala. (Lone Star HS (Texas))",Last Name,Hometown (Last School),N/A,Hometown (Last School),mens soccer,wake_forest
9,rennhack tater,"Westlake, Texas (Westlake Academy)",N/A,"Westlake, Texas (Westlake Academy)",Last Name,Hometown (Last School),N/A,Hometown (Last School),mens soccer,wake_forest
10,lapa bruno,"Curitiba, Brazil (Montverde Academy (Fla.))",N/A,"Curitiba, Brazil (Montverde Academy (Fla.))",Last Name,Hometown (Last School),N/A,Hometown (Last School),mens soccer,wake_forest
11,mcmaster justin,"Kingston, Jamaica (YSC Academy (Pa.))",N/A,"Kingston, Jamaica (YSC Academy (Pa.))",Last Name,Hometown (Last School),N/A,Hometown (Last School),mens soccer,wake_forest
12,dunwell brad,"Grand Rapids, Mich. (Forest Hills Northern HS)",N/A,"Grand Rapids, Mich. (Forest Hills Northern HS)",Last Name,Hometown (Last School),N/A,Hometown (Last School),mens soccer,wake_forest
13,dezart joey,"Jackson, N.J. (YSC Academy)",N/A,"Jackson, N.J. (YSC Academy)",Last Name,Hometown (Last School),N/A,Hometown (Last School),mens soccer,wake_forest
14,echevarria steven,"Slate Hill, N.Y. (Don Bosco Prep)",N/A,"Slate Hill, N.Y. (Don Bosco Prep)",Last Name,Hometown (Last School),N/A,Hometown (Last School),mens soccer,wake_forest
15,fernandez omir,"Bronx, N.Y. (Columbia Secondary School)",N/A,"Bronx, N.Y. (Columbia Secondary School)",Last Name,Hometown (Last School),N/A,Hometown (Last School),mens soccer,wake_forest
16,gdula logan,"East Lyme, Conn. (Bacon Academy)",N/A,"East Lyme, Conn. (Bacon Academy)",Last Name,Hometown (Last School),N/A,Hometown (Last School),mens soccer,wake_forest
17,haig landen,"Melbourne Beach, Fla. (Melbourne HS)",N/A,"Melbourne Beach, Fla. (Melbourne HS)",Last Name,Hometown (Last School),N/A,Hometown (Last School),mens soccer,wake_forest
18,folds eddie,"Columbus, Ohio (Olentangy Orange HS)",N/A,"Columbus, Ohio (Olentangy Orange HS)",Last Name,Hometown (Last School),N/A,Hometown (Last School),mens soccer,wake_forest
19,mccurley kyle,"Lake Zurich, Ill. (Lake Zurich HS)",N/A,"Lake Zurich, Ill. (Lake Zurich HS)",Last Name,Hometown (Last School),N/A,Hometown (Last School),mens soccer,wake_forest
20,chol machop,"Tucker, Ga. (Southwest DeKalb HS)",N/A,"Tucker, Ga. (Southwest DeKalb HS)",Last Name,Hometown (Last School),N/A,Hometown (Last School),mens soccer,wake_forest
21,twumasi ema,"Accra, Ghana (Kent School (Conn.))",N/A,"Accra, Ghana (Kent School (Conn.))",Last Name,Hometown (Last School),N/A,Hometown (Last School),mens soccer,wake_forest
22,gauger hank,"Morrisville, N.C. (Cardinal Gibbons HS)",N/A,"Morrisville, N.C. (Cardinal Gibbons HS)",Last Name,Hometown (Last School),N/A,Hometown (Last School),mens soccer,wake_forest
23,raben sam,"Greenwood Village, Colo. (Cherry Creek HS)",N/A,"Greenwood Village, Colo. (Cherry Creek HS)",Last Name,Hometown (Last School),N/A,Hometown (Last School),mens soccer,wake_forest
24,moore tyrrell,"Brooklyn, N.Y. (Elisabeth Irwin HS)",N/A,"Brooklyn, N.Y. (Elisabeth Irwin HS)",Last Name,Hometown (Last School),N/A,Hometown (Last School),mens soccer,wake_forest
25,bailey tre,"Durham, N.C. (Greensboro College)",N/A,"Durham, N.C. (Greensboro College)",Last Name,Hometown (Last School),N/A,Hometown (Last School),mens soccer,wake_forest
26,peters dominic,"Santa Clara, Calif. (Bellarmine College Prep)",N/A,"Santa Clara, Calif. (Bellarmine College Prep)",Last Name,Hometown (Last School),N/A,Hometown (Last School),mens soccer,wake_forest
27,barkett kyle,"Vero Beach, Fla. (Vero Beach Senior HS)",N/A,"Vero Beach, Fla. (Vero Beach Senior HS)",Last Name,Hometown (Last School),N/A,Hometown (Last School),mens soccer,wake_forest
0,baumgardner madison,"Cincinnati, Ohio (Colerain HS)",N/A,"Cincinnati, Ohio (Colerain HS)",Last Name,Hometown (Last School),N/A,Hometown (Last School),womens soccer,wake_forest
1,demarco giovanna,"Gwynedd Valley, Pa. (Penn Charter)",N/A,"Gwynedd Valley, Pa. (Penn Charter)",Last Name,Hometown (Last School),N/A,Hometown (Last School),womens soccer,wake_forest
2,krug vicky,"Drebkau, Germany (Sportschule Potsdam)",N/A,"Drebkau, Germany (Sportschule Potsdam)",Last Name,Hometown (Last School),N/A,Hometown (Last School),womens soccer,wake_forest
3,frank ashley,"Niceville, Fla. (Niceville)",N/A,"Niceville, Fla. (Niceville)",Last Name,Hometown (Last School),N/A,Hometown (Last School),womens soccer,wake_forest
4,mcnamara abby,"Dayton, Ohio (Carroll HS)",N/A,"Dayton, Ohio (Carroll HS)",Last Name,Hometown (Last School),N/A,Hometown (Last School),womens soccer,wake_forest
5,jordahl haley,"Loveland, Ohio (Saint Ursula Academy)",N/A,"Loveland, Ohio (Saint Ursula Academy)",Last Name,Hometown (Last School),N/A,Hometown (Last School),womens soccer,wake_forest
6,feist bayley,"Cincinnati, Ohio (Oak Hills HS)",N/A,"Cincinnati, Ohio (Oak Hills HS)",Last Name,Hometown (Last School),N/A,Hometown (Last School),womens soccer,wake_forest
7,laurier estelle,"Chaponnay, France (Lycee Auguste et Louis Lumiere)",N/A,"Chaponnay, France (Lycee Auguste et Louis Lumiere)",Last Name,Hometown (Last School),N/A,Hometown (Last School),womens soccer,wake_forest
8,lee mariah,"Covington, Wash. (Stanford)",N/A,"Covington, Wash. (Stanford)",Last Name,Hometown (Last School),N/A,Hometown (Last School),womens soccer,wake_forest
9,wos oliwia,"Olesno, Poland (Berufskolleg Witten)",N/A,"Olesno, Poland (Berufskolleg Witten)",Last Name,Hometown (Last School),N/A,Hometown (Last School),womens soccer,wake_forest
10,perea peyton,"Riverside, Calif. (Riverside Poly HS)",N/A,"Riverside, Calif. (Riverside Poly HS)",Last Name,Hometown (Last School),N/A,Hometown (Last School),womens soccer,wake_forest
11,addison oryann,"San Jose, Calif. (Valley Christian)",N/A,"San Jose, Calif. (Valley Christian)",Last Name,Hometown (Last School),N/A,Hometown (Last School),womens soccer,wake_forest
12,raben mia,"Greenwood Village, Colo. (Cherry Creek)",N/A,"Greenwood Village, Colo. (Cherry Creek)",Last Name,Hometown (Last School),N/A,Hometown (Last School),womens soccer,wake_forest
13,smart shayla,"Apopka, Fla. (Montverde Academy)",N/A,"Apopka, Fla. (Montverde Academy)",Last Name,Hometown (Last School),N/A,Hometown (Last School),womens soccer,wake_forest
14,brown ryanne,"Indianapolis, Ind. (Brebeuf Jesuit)",N/A,"Indianapolis, Ind. (Brebeuf Jesuit)",Last Name,Hometown (Last School),N/A,Hometown (Last School),womens soccer,wake_forest
15,frishette nonie,"Hermosa Beach, Calif. (Mira Costa HS)",N/A,"Hermosa Beach, Calif. (Mira Costa HS)",Last Name,Hometown (Last School),N/A,Hometown (Last School),womens soccer,wake_forest
16,tangney lauren,"Fairfield, Conn. (Fairfield Warde)",N/A,"Fairfield, Conn. (Fairfield Warde)",Last Name,Hometown (Last School),N/A,Hometown (Last School),womens soccer,wake_forest
17,smith reci,"Longmont, Colo. (Fairview HS)",N/A,"Longmont, Colo. (Fairview HS)",Last Name,Hometown (Last School),N/A,Hometown (Last School),womens soccer,wake_forest
18,albery mia,"Denver, Colo. (Regis Jesuit)",N/A,"Denver, Colo. (Regis Jesuit)",Last Name,Hometown (Last School),N/A,Hometown (Last School),womens soccer,wake_forest
19,rossi sofia,"Akron, Ohio (Walsh Jesuit HS)",N/A,"Akron, Ohio (Walsh Jesuit HS)",Last Name,Hometown (Last School),N/A,Hometown (Last School),womens soccer,wake_forest
20,ravenna kate,"West Harrison, Ind. (East Central HS)",N/A,"West Harrison, Ind. (East Central HS)",Last Name,Hometown (Last School),N/A,Hometown (Last School),womens soccer,wake_forest
21,smith brooke,"Greenville, N.C. (The Oakwood School)",N/A,"Greenville, N.C. (The Oakwood School)",Last Name,Hometown (Last School),N/A,Hometown (Last School),womens soccer,wake_forest
22,jain aanchal,"Smithtown, N.Y. (Smithtown HS West)",N/A,"Smithtown, N.Y. (Smithtown HS West)",Last Name,Hometown (Last School),N/A,Hometown (Last School),womens soccer,wake_forest
23,betfort hannah,"Charleston, S.C. (Wando HS)",N/A,"Charleston, S.C. (Wando HS)",Last Name,Hometown (Last School),N/A,Hometown (Last School),womens soccer,wake_forest
24,schneider lily,"Raleigh, N.C. (Broughton HS)",N/A,"Raleigh, N.C. (Broughton HS)",Last Name,Hometown (Last School),N/A,Hometown (Last School),womens soccer,wake_forest
25,carney bri,"Savannah, Ga. (Savannah Country Day)",N/A,"Savannah, Ga. (Savannah Country Day)",Last Name,Hometown (Last School),N/A,Hometown (Last School),womens soccer,wake_forest
26,arnarsdottir hulda,"Reykjavik, Iceland (Borgarholtsskoli HS)",N/A,"Reykjavik, Iceland (Borgarholtsskoli HS)",Last Name,Hometown (Last School),N/A,Hometown (Last School),womens soccer,wake_forest
27,hammond madison,"Albuquerque, N.M. (Hayfield Secondary (Va.))",N/A,"Albuquerque, N.M. (Hayfield Secondary (Va.))",Last Name,Hometown (Last School),N/A,Hometown (Last School),womens soccer,wake_forest
0,archie john,"Oreland, Pa.",St. Joseph's Prep HS,St. Joseph's Prep HS,Last Name,Hometown,High School,High School,mens cross country,wake_forest
1,barr robbie,"Glasgow, Scotland",The Glasgow Academy,The Glasgow Academy,Last Name,Hometown,High School,High School,mens cross country,wake_forest
2,beglane nick,"Smithtown, N.Y.",Hauppauge HS,Hauppauge HS,Last Name,Hometown,High School,High School,mens cross country,wake_forest
3,corti craig,"Stockholm, N.J.",Wallkill Valley,Wallkill Valley,Last Name,Hometown,High School,High School,mens cross country,wake_forest
4,day mitchell,"Alpena, Mich.",Alpena,Alpena,Last Name,Hometown,High School,High School,mens cross country,wake_forest
5,dyer mitchell,"Melbourne, Australia",Trinity Grammar School,Trinity Grammar School,Last Name,Hometown,High School,High School,mens cross country,wake_forest
6,fischbach sebastian,"Vienna, Austria",John F. Kennedy School,John F. Kennedy School,Last Name,Hometown,High School,High School,mens cross country,wake_forest
7,heppenstall robert,"Ontario, Canada",St. Thomas More,St. Thomas More,Last Name,Hometown,High School,High School,mens cross country,wake_forest
8,hunsdale william,"Spring, Texas",The Woodlands,The Woodlands,Last Name,Hometown,High School,High School,mens cross country,wake_forest
9,johnston tommy,"Gainesville, Ga.",North Hall,North Hall,Last Name,Hometown,High School,High School,mens cross country,wake_forest
10,lepino john,"McKinney, Texas",Kent School,Kent School,Last Name,Hometown,High School,High School,mens cross country,wake_forest
11,magiera andrew,"Elkins Park, Pa.",St. Joseph's Prep,St. Joseph's Prep,Last Name,Hometown,High School,High School,mens cross country,wake_forest
12,mcgowen jack,"Easton, Conn.",Fairfield College Preparatory School,Fairfield College Preparatory School,Last Name,Hometown,High School,High School,mens cross country,wake_forest
13,mckinney myers,"Spartanburg, S.C.",Spartanburg,Spartanburg,Last Name,Hometown,High School,High School,mens cross country,wake_forest
14,tiernan jack,"Queensland, Australia",St. Joseph's College,St. Joseph's College,Last Name,Hometown,High School,High School,mens cross country,wake_forest
15,tullos hayden,"Marietta, Ga.",Marietta,Marietta,Last Name,Hometown,High School,High School,mens cross country,wake_forest
16,turner alex,"Needham, Mass.",Needham HS,Needham HS,Last Name,Hometown,High School,High School,mens cross country,wake_forest
17,vasileiou angelos,"Athens, Greece",Athens-Psychiko College,Athens-Psychiko College,Last Name,Hometown,High School,High School,mens cross country,wake_forest
18,viegra daniel,"Pflugerville, Texas",Pflugerville Hendrickson,Pflugerville Hendrickson,Last Name,Hometown,High School,High School,mens cross country,wake_forest
0,allen cate,"Fairfield, Conn.",Fairfield Warde,Fairfield Warde,Last Name,Hometown,High School,High School,womens cross country,wake_forest
1,boylan beatrice,"Salisbury Mills, N.Y.",Cornwall Central,Cornwall Central,Last Name,Hometown,High School,High School,womens cross country,wake_forest
2,brookover hannah,"Palm Harbor, Fla.",Calvary Christian,Calvary Christian,Last Name,Hometown,High School,High School,womens cross country,wake_forest
3,campbell anna,"Newton, N.J.",Pope John XII,Pope John XII,Last Name,Hometown,High School,High School,womens cross country,wake_forest
4,derry kaitlin,"Fair Oaks, Calif.",Bella Vista HS,Bella Vista HS,Last Name,Hometown,High School,High School,womens cross country,wake_forest
5,halvorsen samantha,"Ridgewood, N.J.",Ridgewood HS,Ridgewood HS,Last Name,Hometown,High School,High School,womens cross country,wake_forest
6,haynes kristen,"Little Silver, N.J.",Red Bank Regional,Red Bank Regional,Last Name,Hometown,High School,High School,womens cross country,wake_forest
7,kenwood kathryn,"Glen Ellyn, Ill.",Glenbard West,Glenbard West,Last Name,Hometown,High School,High School,womens cross country,wake_forest
8,lukens-day eliza,"Philadelphia, Pa.",Germantown Friends,Germantown Friends,Last Name,Hometown,High School,High School,womens cross country,wake_forest
9,mahoney amelia,"Saratoga Springs, N.Y.",Saratoga Springs,Saratoga Springs,Last Name,Hometown,High School,High School,womens cross country,wake_forest
10,schwede lara-ann,"Breisach, Germany",Martin Schongauer Gymnasium,Martin Schongauer Gymnasium,Last Name,Hometown,High School,High School,womens cross country,wake_forest
11,smith mimi,"Wilmette, Ill.",New Trier,New Trier,Last Name,Hometown,High School,High School,womens cross country,wake_forest
12,truedson jenna,"Bemidji, Minn.",Bemidji,Bemidji,Last Name,Hometown,High School,High School,womens cross country,wake_forest
0,aoshima kengo,"Tokyo, Japan",Iolani School,Iolani School,Last Name,Hometown,High School,High School,mens golf,wake_forest
1,bae eric,"Pinehurst, N.C.",Pinecrest,Pinecrest,Last Name,Hometown,High School,High School,mens golf,wake_forest
2,balter ben,"Wellesley, Mass.",Community School of Naples,Community School of Naples,Last Name,Hometown,High School,High School,mens golf,wake_forest
3,detmer lee,"Washington, D.C.",St. Albans School,St. Albans School,Last Name,Hometown,High School,High School,mens golf,wake_forest
4,gillam parker,"Cary, N.C.",St. David's School,St. David's School,Last Name,Hometown,High School,High School,mens golf,wake_forest
5,gillis brandon,"Nashua, N.H.",Nashua,Nashua,Last Name,Hometown,High School,High School,mens golf,wake_forest
6,kennerly charlie,"Jupiter, Fla.",The Benjamin School,The Benjamin School,Last Name,Hometown,High School,High School,mens golf,wake_forest
7,mcbride paul,"Malahide, Dublin, Ireland",Malahide Community School,Malahide Community School,Last Name,Hometown,High School,High School,mens golf,wake_forest
8,owen tanner,"High Point, N.C.",Bishop McGuinness,Bishop McGuinness,Last Name,Hometown,High School,High School,mens golf,wake_forest
9,sterbinsky kyle,"Yardley, Pa.",The Peddie School,The Peddie School,Last Name,Hometown,High School,High School,mens golf,wake_forest
10,steyn marco,"Johannesburg, South Africa",Tuks Sport,Tuks Sport,Last Name,Hometown,High School,High School,mens golf,wake_forest
11,young cameron,"Scarborough, N.Y.",Fordham Prep,Fordham Prep,Last Name,Hometown,High School,High School,mens golf,wake_forest
0,dechathipat mai,"Howey-in-the-Hills, Fla./Montverde Academy/Auburn","Howey-in-the-Hills, Fla./Montverde Academy/Auburn","Howey-in-the-Hills, Fla./Montverde Academy/Auburn",Last Name,Hometown/High School/Last College,Hometown/High School/Last College,Hometown/High School/Last College,womens golf,wake_forest
1,eberhard antonia,"Burgdorf, Germany/Humboldtschule Hannover","Burgdorf, Germany/Humboldtschule Hannover","Burgdorf, Germany/Humboldtschule Hannover",Last Name,Hometown/High School/Last College,Hometown/High School/Last College,Hometown/High School/Last College,womens golf,wake_forest
2,herr erica,"New Hope, Pa./Council Rock North","New Hope, Pa./Council Rock North","New Hope, Pa./Council Rock North",Last Name,Hometown/High School/Last College,Hometown/High School/Last College,Hometown/High School/Last College,womens golf,wake_forest
3,kupcho jennifer,"Westminster, Colo./Jefferson Academy","Westminster, Colo./Jefferson Academy","Westminster, Colo./Jefferson Academy",Last Name,Hometown/High School/Last College,Hometown/High School/Last College,Hometown/High School/Last College,womens golf,wake_forest
4,liu siyun,"Shanghai, China/Shanghai Experimental School/Illinois","Shanghai, China/Shanghai Experimental School/Illinois","Shanghai, China/Shanghai Experimental School/Illinois",Last Name,Hometown/High School/Last College,Hometown/High School/Last College,Hometown/High School/Last College,womens golf,wake_forest
5,migliaccio emilia,"Cary, N.C./Athens Drive","Cary, N.C./Athens Drive","Cary, N.C./Athens Drive",Last Name,Hometown/High School/Last College,Hometown/High School/Last College,Hometown/High School/Last College,womens golf,wake_forest
6,ngo vinh-hop,"Newton, Mass./Newton South","Newton, Mass./Newton South","Newton, Mass./Newton South",Last Name,Hometown/High School/Last College,Hometown/High School/Last College,Hometown/High School/Last College,womens golf,wake_forest
7,schumacher monica,"Orlando, Fla./Ridge","Orlando, Fla./Ridge","Orlando, Fla./Ridge",Last Name,Hometown/High School/Last College,Hometown/High School/Last College,Hometown/High School/Last College,womens golf,wake_forest
0,botzer bar,"Tel Aviv, Israel (Rotberg High School)",N/A,"Tel Aviv, Israel (Rotberg High School)",Last Name,Hometown (Last School),N/A,Hometown (Last School),mens tennis,wake_forest
1,chrysochos petros,"Larnaca, Cyprus (American Academy of Larnaca)",N/A,"Larnaca, Cyprus (American Academy of Larnaca)",Last Name,Hometown (Last School),N/A,Hometown (Last School),mens tennis,wake_forest
2,cungu rrezart,"Ulcinj, Montenegro (Bratstvo-jedinstvo)",N/A,"Ulcinj, Montenegro (Bratstvo-jedinstvo)",Last Name,Hometown (Last School),N/A,Hometown (Last School),mens tennis,wake_forest
3,dempster ian,"Plano, Texas (NC State)",N/A,"Plano, Texas (NC State)",Last Name,Hometown (Last School),N/A,Hometown (Last School),mens tennis,wake_forest
4,dill morgan,"Coral Gables, Fla. (Laurel Springs School)",N/A,"Coral Gables, Fla. (Laurel Springs School)",Last Name,Hometown (Last School),N/A,Hometown (Last School),mens tennis,wake_forest
5,gadjiev alan,"Tashkent, Uzbekistan (ES International School)",N/A,"Tashkent, Uzbekistan (ES International School)",Last Name,Hometown (Last School),N/A,Hometown (Last School),mens tennis,wake_forest
6,gojo borna,"Split, Croatia (Marko Antun De Dominis)",N/A,"Split, Croatia (Marko Antun De Dominis)",Last Name,Hometown (Last School),N/A,Hometown (Last School),mens tennis,wake_forest
7,mansouri skander,"Tunis, Tunisia (Pierre-Mendès-France)",N/A,"Tunis, Tunisia (Pierre-Mendès-France)",Last Name,Hometown (Last School),N/A,Hometown (Last School),mens tennis,wake_forest
8,mueller ryan,"Boston, Mass. (Antigua International School)",N/A,"Boston, Mass. (Antigua International School)",Last Name,Hometown (Last School),N/A,Hometown (Last School),mens tennis,wake_forest
9,nava eduardo,"Northridge, Calif. (TCU)",N/A,"Northridge, Calif. (TCU)",Last Name,Hometown (Last School),N/A,Hometown (Last School),mens tennis,wake_forest
10,parry charles,"Palm Beach Gardens, Fla. (Oxbridge Academy)",N/A,"Palm Beach Gardens, Fla. (Oxbridge Academy)",Last Name,Hometown (Last School),N/A,Hometown (Last School),mens tennis,wake_forest
11,patrick sean,"Cold Spring Harbor, N.Y. (Laurel Springs School)",N/A,"Cold Spring Harbor, N.Y. (Laurel Springs School)",Last Name,Hometown (Last School),N/A,Hometown (Last School),mens tennis,wake_forest
12,seraphim christian,"Munich, Germany (Otto-von-Taube-Gymnasium)",N/A,"Munich, Germany (Otto-von-Taube-Gymnasium)",Last Name,Hometown (Last School),N/A,Hometown (Last School),mens tennis,wake_forest
13,solomon yuval,"Melville, N.Y. (Plainview Old-Bethpage John F. Kennedy)",N/A,"Melville, N.Y. (Plainview Old-Bethpage John F. Kennedy)",Last Name,Hometown (Last School),N/A,Hometown (Last School),mens tennis,wake_forest
14,zlobinsky julian,"Greenvale, N.Y. (University of Texas)",N/A,"Greenvale, N.Y. (University of Texas)",Last Name,Hometown (Last School),N/A,Hometown (Last School),mens tennis,wake_forest
0,carter chandler,"Dallas, Texas",Highland Park HS,Highland Park HS,Last Name,Hometown,High School,High School,womens tennis,wake_forest
1,davis emma,"Cohasset, Mass.",Cohasset HS,Cohasset HS,Last Name,Hometown,High School,High School,womens tennis,wake_forest
2,franco alexis,"Largo, Fla.",Largo HS,Largo HS,Last Name,Hometown,High School,High School,womens tennis,wake_forest
3,meredith courtney,"Birmingham, Ala.",Westminster Academy (Fla.),Westminster Academy (Fla.),Last Name,Hometown,High School,High School,womens tennis,wake_forest
4,meredith mary caroline,"Birmingham, Ala.",Florida Virtual School,Florida Virtual School,Last Name,Hometown,High School,High School,womens tennis,wake_forest
5,omirou eliza,"Nicosia, Cyprus",The English School (Nicosia),The English School (Nicosia),Last Name,Hometown,High School,High School,womens tennis,wake_forest
6,ulyashchenko anna,"Brooklyn, N.Y.",Centercourt Performance Academy,Centercourt Performance Academy,Last Name,Hometown,High School,High School,womens tennis,wake_forest
7,zalewski joanna,"Linden, N.J.",Linden HS,Linden HS,Last Name,Hometown,High School,High School,womens tennis,wake_forest
0,adams max,"Jeannette, Pa.",Hempfield Area HS,Hempfield Area HS,Last Name,Hometown,High School,High School,mens track,wake_forest
1,annichiarico luke,"Ridgewood, N.J.",Northern Valley Old Tappan HS,Northern Valley Old Tappan HS,Last Name,Hometown,High School,High School,mens track,wake_forest
2,archie john,"Oreland, Pa.",St. Joseph's Prep HS,St. Joseph's Prep HS,Last Name,Hometown,High School,High School,mens track,wake_forest
3,barr robbie,"Glasgow, Scotland",The Glasgow Academy,The Glasgow Academy,Last Name,Hometown,High School,High School,mens track,wake_forest
4,bearden jacari,"Tracy, Calif.",Kimball HS,Kimball HS,Last Name,Hometown,High School,High School,mens track,wake_forest
5,beglane nick,"Smithtown, N.Y.",Hauppauge HS,Hauppauge HS,Last Name,Hometown,High School,High School,mens track,wake_forest
6,bryant kaleb,"Athens, Ga.",Athens Academy,Athens Academy,Last Name,Hometown,High School,High School,mens track,wake_forest
7,corti craig,"Stockholm, N.J.",Wallkill Valley HS,Wallkill Valley HS,Last Name,Hometown,High School,High School,mens track,wake_forest
8,day mitchell,"Alpena, Mich.",Alpena,Alpena,Last Name,Hometown,High School,High School,mens track,wake_forest
9,earley mitch,"Southborough, Mass.",St. John's Prep,St. John's Prep,Last Name,Hometown,High School,High School,mens track,wake_forest
10,fischbach sebastian,"Vienna, Austria",John F. Kennedy HS,John F. Kennedy HS,Last Name,Hometown,High School,High School,mens track,wake_forest
11,greenwalt dakota,"New Market, Minn.",New Prague Senior,New Prague Senior,Last Name,Hometown,High School,High School,mens track,wake_forest
12,heppenstall robert,"Hamilton, Ontario",St. Thomas More Secondary,St. Thomas More Secondary,Last Name,Hometown,High School,High School,mens track,wake_forest
13,hunsdale william,"Spring, Texas",The Woodlands,The Woodlands,Last Name,Hometown,High School,High School,mens track,wake_forest
14,johnston tommy,"Gainesville, Ga.",North Hall,North Hall,Last Name,Hometown,High School,High School,mens track,wake_forest
15,konigsberg matt,"Harrison, N.Y.",Harrison HS,Harrison HS,Last Name,Hometown,High School,High School,mens track,wake_forest
16,lepino john,"McKinney, Texas",Kent School,Kent School,Last Name,Hometown,High School,High School,mens track,wake_forest
17,magiera andrew,"Elkins Park, Pa.",St. Joseph's Prep,St. Joseph's Prep,Last Name,Hometown,High School,High School,mens track,wake_forest
18,mcgowen jack,"Easton, Conn.",Fairfield College Preparatory School,Fairfield College Preparatory School,Last Name,Hometown,High School,High School,mens track,wake_forest
19,mckinney myers,"Spartanburg, S.C.",Spartanburg HS,Spartanburg HS,Last Name,Hometown,High School,High School,mens track,wake_forest
20,shalaway elijah,"Barto, Pa.",Boyertown Area Senior High,Boyertown Area Senior High,Last Name,Hometown,High School,High School,mens track,wake_forest
21,shute noah,"Lexington, Mass.",Lexington HS,Lexington HS,Last Name,Hometown,High School,High School,mens track,wake_forest
22,simmons evan,"Milledgeville, Ga.",Baldwin HS,Baldwin HS,Last Name,Hometown,High School,High School,mens track,wake_forest
23,smith mark,"Cranberry Township, Pa.",Seneca Valley,Seneca Valley,Last Name,Hometown,High School,High School,mens track,wake_forest
24,tiernan jack,"Queensland, Australia",St. Joseph's College,St. Joseph's College,Last Name,Hometown,High School,High School,mens track,wake_forest
25,turner alex,"Kennebunk, Maine",Needham HS,Needham HS,Last Name,Hometown,High School,High School,mens track,wake_forest
26,viegra daniel,"Pflugerville, Texas",Pflugerville Hendrickson,Pflugerville Hendrickson,Last Name,Hometown,High School,High School,mens track,wake_forest
0,allen cate,"Fairfield, Conn.",Fairfield Warde HS,Fairfield Warde HS,Last Name,Hometown,High School,High School,womens track,wake_forest
1,banks jordan,"Woodbridge, Va.",Osbourn Park Senior HS,Osbourn Park Senior HS,Last Name,Hometown,High School,High School,womens track,wake_forest
2,brookover hannah,"Palm Harbor, Fla.",Calvary Christian,Calvary Christian,Last Name,Hometown,High School,High School,womens track,wake_forest
3,campbell anna,"Newton, N.J.",Pope John XII,Pope John XII,Last Name,Hometown,High School,High School,womens track,wake_forest
4,delley cydney,"Augusta, Ga.",Evans HS,Evans HS,Last Name,Hometown,High School,High School,womens track,wake_forest
5,derry kaitlin,"Fair Oaks, Calif.",Bella Vista HS,Bella Vista HS,Last Name,Hometown,High School,High School,womens track,wake_forest
6,deutsch darby,"Newark, Del.",Padua Academy,Padua Academy,Last Name,Hometown,High School,High School,womens track,wake_forest
7,florent alexandria,"Santa Clarita, Calif.",Harvard Westlake HS,Harvard Westlake HS,Last Name,Hometown,High School,High School,womens track,wake_forest
8,gallagher emma,"Garden City, N.Y.",Garden City HS,Garden City HS,Last Name,Hometown,High School,High School,womens track,wake_forest
9,halvorsen sam,"Ridgewood, N.J.",Ridgewood HS,Ridgewood HS,Last Name,Hometown,High School,High School,womens track,wake_forest
10,haynes kristen,"Little Silver, N.J.",Red Bank Regional,Red Bank Regional,Last Name,Hometown,High School,High School,womens track,wake_forest
11,hicks alva,"Providence, R.I.",Classical HS,Classical HS,Last Name,Hometown,High School,High School,womens track,wake_forest
12,hinton maya,"South Orange, N.J.",Columbia HS,Columbia HS,Last Name,Hometown,High School,High School,womens track,wake_forest
13,hofferber grace,"Rumson, N.J.",Rumson-Fair Haven Regional,Rumson-Fair Haven Regional,Last Name,Hometown,High School,High School,womens track,wake_forest
14,johnson sarah,"Thousand Oaks, Calif.",Oaks Christian HS,Oaks Christian HS,Last Name,Hometown,High School,High School,womens track,wake_forest
15,kempski tesia,"Harrisburg, Pa.",Bishop McDevitt HS,Bishop McDevitt HS,Last Name,Hometown,High School,High School,womens track,wake_forest
16,kenwood kathryn,"Glen Ellyn, Ill.",Glenbard West,Glenbard West,Last Name,Hometown,High School,High School,womens track,wake_forest
17,kern rachel,"Farmingdale, N.J.",Howell HS,Howell HS,Last Name,Hometown,High School,High School,womens track,wake_forest
18,lukens-day eliza,"Philadelphia, Pa.",Germantown Friends,Germantown Friends,Last Name,Hometown,High School,High School,womens track,wake_forest
19,lynch janese,"Darby Township, Pa.",SS John Neumann & Maria Goretti,SS John Neumann & Maria Goretti,Last Name,Hometown,High School,High School,womens track,wake_forest
20,mahoney amelia,"Saratoga Springs, N.Y.",Saratoga Springs,Saratoga Springs,Last Name,Hometown,High School,High School,womens track,wake_forest
21,medina sarah,"Miami, Fla.",Palmer Trinity HS,Palmer Trinity HS,Last Name,Hometown,High School,High School,womens track,wake_forest
22,nickl alexis,"Palos Verdes Estates, Calif.",Palos Verdes HS,Palos Verdes HS,Last Name,Hometown,High School,High School,womens track,wake_forest
23,pyles brionne,"Clarksburg, Md.",Bullis HS,Bullis HS,Last Name,Hometown,High School,High School,womens track,wake_forest
24,schwede lara-ann,"Goslar, Germany",Martin Schongauer Gymnasium,Martin Schongauer Gymnasium,Last Name,Hometown,High School,High School,womens track,wake_forest
25,smith mimi,"Wilmette, Ill.",New Trier HS,New Trier HS,Last Name,Hometown,High School,High School,womens track,wake_forest
26,turner haidyn,"Winter Springs, Fla.",Winter Springs HS,Winter Springs HS,Last Name,Hometown,High School,High School,womens track,wake_forest
27,ward madeline,"Malibu, Calif.",Malibu,Malibu,Last Name,Hometown,High School,High School,womens track,wake_forest
0,bint isla,"Whangarel, New Zealand (St Cuthbert's College)",N/A,"Whangarel, New Zealand (St Cuthbert's College)",Last Name,Hometown (Last School),N/A,Hometown (Last School),womens field hockey,wake_forest
1,adamson emily,"St. Louis, Mo. (MICDS)",N/A,"St. Louis, Mo. (MICDS)",Last Name,Hometown (Last School),N/A,Hometown (Last School),womens field hockey,wake_forest
2,grippo alexis,"Point Pleasant, N.J. (The Hill School)",N/A,"Point Pleasant, N.J. (The Hill School)",Last Name,Hometown (Last School),N/A,Hometown (Last School),womens field hockey,wake_forest
3,buzalewski sam,"Oley, Pa. (Oley Valley HS)",N/A,"Oley, Pa. (Oley Valley HS)",Last Name,Hometown (Last School),N/A,Hometown (Last School),womens field hockey,wake_forest
4,dickinson brittany,"Collegeville, Pa. (Methacton High School)",N/A,"Collegeville, Pa. (Methacton High School)",Last Name,Hometown (Last School),N/A,Hometown (Last School),womens field hockey,wake_forest
5,van hoof anne,"Schijndel, Netherlands (Rodenborch College)",N/A,"Schijndel, Netherlands (Rodenborch College)",Last Name,Hometown (Last School),N/A,Hometown (Last School),womens field hockey,wake_forest
6,gill kelsey,"Prospect, Ky. (Kentucky Country Day)",N/A,"Prospect, Ky. (Kentucky Country Day)",Last Name,Hometown (Last School),N/A,Hometown (Last School),womens field hockey,wake_forest
7,bos veerle,"Leiden, Netherlands (Sint-Maartenscollege)",N/A,"Leiden, Netherlands (Sint-Maartenscollege)",Last Name,Hometown (Last School),N/A,Hometown (Last School),womens field hockey,wake_forest
8,evans elisha,"Oxford, England (Millfield School)",N/A,"Oxford, England (Millfield School)",Last Name,Hometown (Last School),N/A,Hometown (Last School),womens field hockey,wake_forest
9,pianko jess,"Freehold, N.J. (Freehold)",N/A,"Freehold, N.J. (Freehold)",Last Name,Hometown (Last School),N/A,Hometown (Last School),womens field hockey,wake_forest
10,o'connor cat,"Kenley, England (Woldingham School)",N/A,"Kenley, England (Woldingham School)",Last Name,Hometown (Last School),N/A,Hometown (Last School),womens field hockey,wake_forest
11,anderson megan,"Melbourne, Australia (Haileybury Girls College)",N/A,"Melbourne, Australia (Haileybury Girls College)",Last Name,Hometown (Last School),N/A,Hometown (Last School),womens field hockey,wake_forest
12,grashoff jule,"Bremen, Germany (Oberschule an der RonzelenstraÃ?e)",N/A,"Bremen, Germany (Oberschule an der RonzelenstraÃ?e)",Last Name,Hometown (Last School),N/A,Hometown (Last School),womens field hockey,wake_forest
13,balogh caroline,"Charlotte, N.C. (Charlotte Latin School)",N/A,"Charlotte, N.C. (Charlotte Latin School)",Last Name,Hometown (Last School),N/A,Hometown (Last School),womens field hockey,wake_forest
14,carpenter abby,"Stevensville, Md. (Kent Island)",N/A,"Stevensville, Md. (Kent Island)",Last Name,Hometown (Last School),N/A,Hometown (Last School),womens field hockey,wake_forest
15,corthals olivia,"Gavere, Belgium (Sint-Barbaracollege)",N/A,"Gavere, Belgium (Sint-Barbaracollege)",Last Name,Hometown (Last School),N/A,Hometown (Last School),womens field hockey,wake_forest
16,davis bryn,"Chapel Hill, N.C. (Chapel Hill HS)",N/A,"Chapel Hill, N.C. (Chapel Hill HS)",Last Name,Hometown (Last School),N/A,Hometown (Last School),womens field hockey,wake_forest
17,fulton annabelle,"Boston, Mass. (Beaver Country Day)",N/A,"Boston, Mass. (Beaver Country Day)",Last Name,Hometown (Last School),N/A,Hometown (Last School),womens field hockey,wake_forest
18,jean katie,"Mount Joy, Pa. (Donegal HS)",N/A,"Mount Joy, Pa. (Donegal HS)",Last Name,Hometown (Last School),N/A,Hometown (Last School),womens field hockey,wake_forest
19,sambrook grace,"Southborough, Mass. (St. Mark's School)",N/A,"Southborough, Mass. (St. Mark's School)",Last Name,Hometown (Last School),N/A,Hometown (Last School),womens field hockey,wake_forest
20,vancells laia,"Terrassa, Spain (Escola Pia de Terrassa)",N/A,"Terrassa, Spain (Escola Pia de Terrassa)",Last Name,Hometown (Last School),N/A,Hometown (Last School),womens field hockey,wake_forest
21,winants eleanor,"Hamilton, Va. (Episcopal HS)",N/A,"Hamilton, Va. (Episcopal HS)",Last Name,Hometown (Last School),N/A,Hometown (Last School),womens field hockey,wake_forest
0,mitchell myca,"Clovis, Calif. (Buchanan)","Clovis, Calif. (Buchanan)","Clovis, Calif. (Buchanan)",Last Name,Hometown (High School),Hometown (High School),Hometown (High School),womens volleyball,wake_forest
1,holt madeline,"Bloomington, Ill. (Central Catholic)","Bloomington, Ill. (Central Catholic)","Bloomington, Ill. (Central Catholic)",Last Name,Hometown (High School),Hometown (High School),Hometown (High School),womens volleyball,wake_forest
2,moore katie,"Palm Harbor, Fla. (Clearwater Central Catholic)","Palm Harbor, Fla. (Clearwater Central Catholic)","Palm Harbor, Fla. (Clearwater Central Catholic)",Last Name,Hometown (High School),Hometown (High School),Hometown (High School),womens volleyball,wake_forest
3,mcfadden hailey brooke,"Holly Springs, N.C. (Wake Christian Academy)","Holly Springs, N.C. (Wake Christian Academy)","Holly Springs, N.C. (Wake Christian Academy)",Last Name,Hometown (High School),Hometown (High School),Hometown (High School),womens volleyball,wake_forest
4,zlomek bronte,"Carlsbad, Calif. (La Costa Canyon)","Carlsbad, Calif. (La Costa Canyon)","Carlsbad, Calif. (La Costa Canyon)",Last Name,Hometown (High School),Hometown (High School),Hometown (High School),womens volleyball,wake_forest
5,kuhn caroline,"Greenville, N.C. (JH Rose High School)","Greenville, N.C. (JH Rose High School)","Greenville, N.C. (JH Rose High School)",Last Name,Hometown (High School),Hometown (High School),Hometown (High School),womens volleyball,wake_forest
6,childress jaclyn,"Plano, Texas (Plano Senior)","Plano, Texas (Plano Senior)","Plano, Texas (Plano Senior)",Last Name,Hometown (High School),Hometown (High School),Hometown (High School),womens volleyball,wake_forest
7,della caitlyn,"Cary, N.C. (Panther Creek HS)","Cary, N.C. (Panther Creek HS)","Cary, N.C. (Panther Creek HS)",Last Name,Hometown (High School),Hometown (High School),Hometown (High School),womens volleyball,wake_forest
8,saunders olivia,"Ontario, Canada (Iona Catholic Secondary)","Ontario, Canada (Iona Catholic Secondary)","Ontario, Canada (Iona Catholic Secondary)",Last Name,Hometown (High School),Hometown (High School),Hometown (High School),womens volleyball,wake_forest
9,sebesta paige,"Cypress, Texas (Cypress Woods)","Cypress, Texas (Cypress Woods)","Cypress, Texas (Cypress Woods)",Last Name,Hometown (High School),Hometown (High School),Hometown (High School),womens volleyball,wake_forest
10,kortekaas haley,"Los Angeles, Calif. (Marymount)","Los Angeles, Calif. (Marymount)","Los Angeles, Calif. (Marymount)",Last Name,Hometown (High School),Hometown (High School),Hometown (High School),womens volleyball,wake_forest
11,rassenfoss caroline,"Louisville, Ky. (Christian Academy of Louisville)","Louisville, Ky. (Christian Academy of Louisville)","Louisville, Ky. (Christian Academy of Louisville)",Last Name,Hometown (High School),Hometown (High School),Hometown (High School),womens volleyball,wake_forest
12,nielson alysia,"Las Vegas, Nev. (Bishop Gorman)","Las Vegas, Nev. (Bishop Gorman)","Las Vegas, Nev. (Bishop Gorman)",Last Name,Hometown (High School),Hometown (High School),Hometown (High School),womens volleyball,wake_forest
